Post ID,Caption,Timestamp,Likes,Comments,Search Hashtag,Post Hashtags
3472404624543045766_27900055089,ğŸ’œ,2024-10-05 17:15:11,1,0,trending,"instagram, reelsinstagram, reelsinstagram, navratrispecial, navratri2024, garbanight, garba, trending"
3472404754792714132_44921557671,"ğŸ–¤ğŸ’™
.
.
.
.
.@mr____black___dio 
.
.
.
.
.
.
.",2024-10-05 17:15:27,0,0,trending,"reelsinstagram, reels, reelitfeelit, remix, vnvideoeditor, yamaha, dior, moodygrams, explore, trendingreels, trending, tag, travel, skowmotion, sitaramam, love, instagram, instagood, inspirationalquotes, explorepage, enjoylife, enjoy"
3472404708965788436_48901589151,ğŸ’«Fresh faceğŸ’« YUP!! STILL ON IT!ğŸ˜†,2024-10-05 17:15:21,0,0,trending,"explorepage, dance, fashion, trending"
3472404749121715867_50701544,"We are extremely satisfied with the results of these products on our 3 Year old daughters wavy/curly hair !
ğŸ‘§ğŸ»ğŸ¥¹ğŸ’—

Products Used: 

@notyourmothers Curly Hair Defining Cream & @rawsugarliving Kids Strawberry+Oatmilk Leave in Conditioner For Fine Untamed Hair ğŸ¤

âœ¨Follow @kkdf_family for more content âœ¨ğŸ©·",2024-10-05 17:15:26,0,0,trending,"hairoftheday, curlyhair, kidshair, childrenshair, kidshairstyles, naturalhair, haircare, healthyhair, viral, hairgoals, cutie, trending, fyp, hairideas, haireducation, longhair, hairstyle, quickhairstyles, mixedhair, curlyhair, toddlerhairstyles, simplehairstyles"
3472404648383073310_54159160416,"SWIPEEEEEğŸ€
-
-
-
-
if youâ€™re seeing this follow @lavishnailsco._ ğŸ©¶
-
-
-
Link in bio to book your appointment ğŸ€. 
ğŸ’—    ğŸ˜ğŸ˜ğŸ˜ğŸ˜ğŸ˜ğŸ˜",2024-10-05 17:15:13,1,0,trending,"theelavishnailsco, nailsnailsnails, concordnails, kannapolisnailtech, 704nails, concord, nc, explore, feedpage, trending, unisexnails, greatprices, concordnailtechs, travelnailtechnician, acrylicnails, nailart, blackowned, charms, begginernailtech, viral, nailtechnician"
3472404793795499425_49410069485,".
.
.
.
.
.
.
.
.
.
.

                 ,",2024-10-05 17:15:32,0,0,trending,"likesforlike, likes4likes, liker, instadaily, Ñ„Ğ¾Ñ‚Ğ¾Ğ³Ñ€Ğ°Ñ„Ğ¸Ñ, instagram, instalife, photooftheday, Ğ²Ğ·Ğ°Ğ¸Ğ¼Ğ½Ñ‹ĞµĞ»Ğ°Ğ¹ĞºĞ¸, Ğ²Ğ·Ğ°Ğ¸Ğ¼Ğ½Ñ‹ĞµĞ¿Ğ¾Ğ´Ğ¿Ğ¸ÑĞºĞ¸, liketime, like, follow, style, trend, trending, reels, reelsinstagram, ÑĞ»ĞµĞ´ÑƒĞ¹Ğ·Ğ°Ğ¼Ğ½Ğ¾Ğ¹, Ğ²Ğ·Ğ°Ğ¸Ğ¼Ğ½Ğ°ÑĞ¿Ğ¾Ğ´Ğ¿Ğ¸ÑĞºĞ°, Ğ¿Ğ¾Ğ´Ğ¿Ğ¸ÑĞºĞ°Ğ²Ğ·Ğ°Ğ¸Ğ¼Ğ½Ğ¾, commentforlike, Ğ¿Ğ¾Ğ´Ğ¿Ğ¸ÑĞºĞ°Ğ½Ğ°Ğ¿Ğ¾Ğ´Ğ¿Ğ¸ÑĞºÑƒ, commentback, Ğ»Ğ°Ğ¹ĞºĞ¸Ğ·Ğ°Ğ»Ğ°Ğ¹ĞºĞ¸"
3472404588195048356_52962605137,"àª¸àª¾àª‚àª­àª³à«àª¯à«àª‚ àª›à«‡ àª•à«‡ àª¬à«€àªœàª¾àª¨àª¾ àª¸àª¹àª¾àª°à«‡ àª¤àª°àªµàª¾ àªµàª¾àª³àª¾ àª…àª®à«àª• àª²à«‹àª•à«‹,àª…àª®àª¨à«‡ àª¡à«‚àª¬àª¾àª¡àªµàª¾àª¨à«€ àª«àª¿àª°àª¾àª•àª®àª¾àª‚ àª›à«‡ !!ğŸ‘‘ğŸ¦…ğŸ¦....
.
.
.
@prem_patel_8048
.",2024-10-05 17:15:06,0,0,trending,"gujarat, gujarati, gujjulove, attitude, trending, viral, trend, boy, patel, king, india"
3472404520104719654_45740550510,"â™¥ï¸â£ï¸
.
.
.",2024-10-05 17:14:58,0,0,trending,"bhai, love, instagram, brother, follow, instagood, bro, india, like, bhaibhai, photography, followforfollowback, likeforlikes, brothers, sister, friends, bhaijaan, bhaichara, trending, rakhi, salmankhan, mumbai, likes, bhfyp, bhaibehen, rakshabandhan, haryana, jaat, sis, viral"
3472404476323076902_30401870588,"â€ÙØ±ÙˆØ§Øª
ÙØ±ÙˆØ§Øª Ø§Ø·ÙØ§Ù„ 
ÙØ±ÙˆØ§Øª Ù†Ø³Ø§Ø¦ÙŠÙ‡ 
ÙØ±ÙˆØ§Øª Ø±Ø¬Ø§Ù„ÙŠÙ‡ 
ÙØ±ÙˆØ§Øª Ø¨Ù„Ø§Ø³Ù…
â€â€¬â€â€¬â€ğŸ˜ğŸ˜ â€¬â€ÙØ±ÙˆØ§Øª Ø´ØªÙˆÙŠÙ‡ Ø­Ù„ÙˆÙ‡ ÙˆØªØ¯ÙÙŠ ğŸ’›
Ù„Ù„Ø·Ù„Ø¨ ÙˆØ§Ù„Ø§Ø³ØªÙØ³Ø§Ø±ØªÙˆØ§ØµÙ„ 
Ø§ÙˆØ¹Ù„Ø¦ Ø§Ù„Ø®Ø§ØµğŸŒ·ğŸŒ¹ 
 Ù…Ø¹ Ø§Ù…ÙƒØ§Ù†ÙŠÙ‡ ØªØ·Ø±ÙŠØ² Ø§Ù„Ø§Ø³Ù… Ø§ÙˆÙ„ Ø§Ù„Ø¹Ø¨Ø§Ø±Ù‡ Ø­Ø³Ø¨ Ø§Ù„Ø·Ù„Ø¨ ğŸ’•
Ù…ØªÙˆÙØ±Ø© Ø¨Ø¹Ø¯Ø© Ø§Ù”Ù„ÙˆØ§Ù† ğŸŒˆ
 Ø¨Ø¬Ù…ÙŠØ¹ Ø§Ù„Ù…Ù‚Ø§Ø³Ø§Øª 
 Ù†Ø³Ø§ÙŠÙ”ÙŠ Ø§Ùˆ Ø±Ø¬Ø§Ù„ÙŠ Ø§Ùˆ Ù†Ø³ÙˆÙŠ Ù…Ù‚Ø§Ø³ Ø§Ø·ÙØ§Ù„ Ù†ÙØ³ Ø§Ù„Ù…ÙˆØ¯ÙŠÙ„ Ù„Ù„ÙŠ Ø­Ø§Ø¨ÙŠÙ† ÙŠØ·Ù‚Ù…ÙˆÙ†âœ¨ğŸ’›ğŸ’›

.
ØªØ·Ø±ÙŠØ² Ø±Ø§Ù‚ÙŠ Ø­Ø³Ø¨ Ø§Ù„Ø·Ù„Ø¨ ÙˆØ¨Ø§Ù„Ø§Ø³Ù… ØŒ ÙˆØ´ØºÙ„ Ù†Ø¸ÙŠÙ Ø¨Ø´Ù‡Ø§Ø¯Ø© Ø¹Ù…Ù„Ø§ÙŠÙ”Ù†Ø§ğŸŒŸ

.
Ø§Ù„Ø®Ø§Ù…Ø© Ù…Ù…ØªØ§Ø²Ø© Ø¬Ø¯Ø§Ù‹ Ù„Ù„Ø´ØªØ§Ø¡ ÙˆØªÙ†ÙØ¹ Ø­ØªÙ‰ Ù…Ù†Ø§Ø³Ø¨Ø§Øª ÙˆØ·Ù„Ø¹Ø§Øª Ø¨Ø± ÙˆÙƒÙ„ Ø´ÙŠ âœ¨ğŸŒ¼

.
 Â Â Â Â Â Â Â Â Â Â Â         
  
     
Ù„Ø·Ù„Ø¨ ÙˆØ§Ù„Ø§Ø³ØªÙØ³Ø§Ø±Ø§Øª ÙˆØ§ØªØ³Ø§Ø¨ Ø§Ù„Ø±Ù‚Ù… Ù…ÙˆØ¬ÙˆØ¯ Ø¨Ù„Ø¨Ø§ÙŠÙˆØ§",2024-10-05 17:14:53,0,0,trending,"Ù…ØªÙˆÙØ±Ù‡, ÙØ±ÙˆØ§Øª_Ù†Ø³Ø§Ø¦ÙŠ, Ø´ØªØ§Ø¡, Ù…Ø·Ø±, Ø¨Ø±Ø¯ÙŠÙ‡, Ø¨Ø±Ø¯, Ù…Ø®ÙŠÙ…, Ø¨Ù„ÙÙˆØ±Ø§Øª, ØªØ·Ø±ÙŠØ², Ø§Ø·ÙØ§Ù„, ØªÙ†Ø³ÙŠÙ‚, ÙØ±ÙˆØ§Øª, ÙØ±ÙˆÙ‡_Ø¨Ø§Ù„Ø§Ø³Ù…, ÙØ±ÙˆÙ‡_Ø§Ø·ÙØ§Ù„_Ø¨Ø§Ø³Ù…_ÙØ±ÙˆØ§Øª_ØªØµÙ…ÙŠÙ…, ÙØ±ÙˆÙ‡, ÙØ±ÙˆØ§Øª_Ù†Ø³Ø§Ø¦ÙŠÙ‡, ÙØ±ÙˆØ§Øª_Ø´ØªÙˆÙŠØ©, ÙØ±ÙˆØ§Øª_Ø±Ø¬Ø§Ù„ÙŠØ©, Ø³Ø¯ÙŠØ±ÙŠ, Ø³Ø¯ÙŠØ±ÙŠØ§Øª, Ø³Ø¯ÙŠØ±ÙŠ_Ø´ØªÙˆÙŠ, Ø³Ø¯ÙŠØ±ÙŠØ§Øª_Ø´ØªÙˆÙŠØ©, Ø³Ø¯ÙŠØ±ÙŠ_Ø±Ø¬Ø§Ù„ÙŠ, Ø³Ø¯ÙŠØ±ÙŠ_Ø¯Ø¨Ù„_ÙÙŠØ³, Ø§ÙƒØ³Ø¨Ù„ÙˆØ±_explore, ØªØ±Ù†Ø¯, Ù…ØªØ§Ø¨Ø¹Ù‡, trending, Ù„Ø§ÙŠÙƒ, explore"
3472404610319881387_1397587412,,2024-10-05 17:15:10,1,0,trending,"trending, goviral, boubou, bouboudesign, bouboustyles, kimono, kimonostyle, adire, adirefashion, ankara, ankarastyles, fyp"
3472404476019689643_59629444516,"Yellowface 
This book so insane I literally bought the poppy war seconds after finishing it. 5 â­ï¸",2024-10-05 17:14:54,0,0,trending,"yellowface, rfkuang, bookish, books, bookreview, ate, yellowfacerfkuang, trending, trendy, bookstagram"
3472404654205074477_69666824975,"à¤•à¤² à¤¤à¤• à¤œà¥‹ à¤¬à¤¾à¤¤ à¤­à¥€ à¤•à¤°à¤¤à¥‡ à¤¨à¤¾ à¤†à¤œ à¤‰à¤¨à¤•à¥‹ à¤ªà¥à¤¯à¤¾à¤° à¤¹à¤®à¤¸à¥‡ à¤¹à¥‹ à¤—à¤¯à¤¾ à¤¹à¥ˆ 
     
â™¥ï¸ğŸš«ğŸŒ¹",2024-10-05 17:15:14,0,0,trending,"trending, artist, viral, like, lifestyle"
3472404756208936244_66813234346,"ğŸŒŸ To download the app, or listen online: ğŸŒŸ
  https://i.mtr.cool/nitblzlhqc",2024-10-05 17:15:28,0,0,trending,"dooshfm, gosfordnsw, centralcoastnsw, edm, edmfamily, fypviralã‚·, djs, djlife, nowplaying, trending, internetradio, radio, music, dj, internet, onlineradio, live, newmusic, tunein, onair, djs, webradio, worldwide, love, hot, entertainment, housemusic, deephouse, djmix, trending"
3472404793822800949_59675996893,Collaboration with @lish4h,2024-10-05 17:15:32,0,0,trending,"collaboration, collab, fashion, art, love, instagood, instagram, model, style, music, blogger, follow, beauty, artist, fashionblogger, community, like, design, photooftheday, lifestyle, instadaily, teamwork, makeup, trending"
3472404789191508150_67392646517,"Follow @lydia.rise
Link in bioâ€¼ï¸â€¼ï¸
The Tesla  Cybertruck is an all-electric,battery-powered light-duty truck unveiled by Tesla, Inc. 

Hereâ€™s a comprehensive overview of its key features and specifications

Tesla Cybertruck Overview

Design and Structure

Exterior: The Cybertruck has a distinctive angular, stainless steel exoskeleton design for
durability and passenger protection. It features
ultra-hard 30X cold-rolled stainless steel and armored glass

Dimensions: Approximately 231.7 inches long,
79.8 inches wide, and 75 inches tall, with a
6.5-foot cargo bed.

Performance and Variants

Single Motor RWD:
â—¦ 0-60 mph:~6.5 seconds
â—¦ Range:~250 miles
â—¦ Towing Capacity: 7,500 pounds
Dual Motor AWD:
â—¦ 0-60 mph: ~4.5 seconds
â—¦ Range: ~300 miles
â—¦ Towing Capacity: 10,000 pounds
Tri-Motor AWD:
â—¦ 0-60 mph: ~2.9 seconds
â—¦ Range:~500 miles
â—¦ Towing Capacity: 14,000 pounds less",2024-10-05 17:15:33,0,0,trending,"reels, reelsinstagram, reelsvideo, reelkrofeelkro, reelkarofeelkaro, newyorkcity, explore, reelinstagram, explorepage, instagramreels, instareels, trendingreels, viral, reelitfeelit, nyc, fashion, newyork, trending, love, reelsviral, viralvideos, reelsinsta, instagram, instagood, trend, foryou, foryoupage, usa, musically"
3472404637374539709_69407299944,"Ù…Ø¬Ù…ÙˆØ¹Ø© Ø¬Ù„ Ø§Ù„Ø­ÙˆØ§Ø¬Ø¨ØŒ ØµÙ…Øº Ø§Ù„Ø­ÙˆØ§Ø¬Ø¨ØŒ 4 Ù‚Ø·Ø¹ Ù…Ù„ÙˆÙ†Ø© Ù…Ù† ÙƒØ±ÙŠÙ… Ø§Ù„Ø­ÙˆØ§Ø¬Ø¨ + 1 Ù‚Ø·Ø¹Ø© Ù…Ù† Ø¬Ù„ ØªØ­Ø¯ÙŠØ¯ Ø§Ù„Ø­ÙˆØ§Ø¬Ø¨ Ø§Ù„Ø´ÙØ§Ù Ø«Ù„Ø§Ø«ÙŠ Ø§Ù„Ø£Ø¨Ø¹Ø§Ø¯ØŒ Ø¬Ù„ ØªØ­Ø¯ÙŠØ¯ Ø§Ù„Ø­ÙˆØ§Ø¬Ø¨ Ø§Ù„Ø´ÙØ§ÙØŒ Ù…Ø§Ø³ÙƒØ§Ø±Ø§ Ø¬Ù„ ØªØ­Ø¯ÙŠØ¯ Ø§Ù„Ø­ÙˆØ§Ø¬Ø¨ØŒ Ø±ÙØ¹ Ø§Ù„Ø­ÙˆØ§Ø¬Ø¨ (Ù…Ø¬Ù…ÙˆØ¹Ø© Ù…Ù† 5 Ù‚Ø·Ø¹)
Ø§Ù„Ù…ÙŠØ²Ø§Øª ÙˆØ§Ù„ØªÙØ§ØµÙŠÙ„
ã€Ù…Ø¹ ÙØ±Ø´Ø§Ø©ã€‘ØªØ£ØªÙŠ Ù…Ø¬Ù…ÙˆØ¹Ø© Ø¬Ù„ Ø§Ù„Ø­ÙˆØ§Ø¬Ø¨ + ÙƒØ±ÙŠÙ… Ø§Ù„Ø­ÙˆØ§Ø¬Ø¨ Ø§Ù„Ù…ØµØ¨ÙˆØº Ù‡Ø°Ù‡ Ù…Ø¹ ÙØ±Ø´Ø§Ø© Ù„Ù„Ø­ÙˆØ§Ø¬Ø¨ØŒ ÙˆØ§Ù„ØªÙŠ ÙŠÙ…ÙƒÙ† ØºÙ…Ø³Ù‡Ø§ Ø¨Ø³Ù‡ÙˆÙ„Ø© ÙÙŠ Ø¬Ù„ Ø§Ù„Ø­ÙˆØ§Ø¬Ø¨ ÙˆØ§Ø³ØªØ®Ø¯Ø§Ù…Ù‡Ø§ Ø¨Ø´ÙƒÙ„ Ù…Ø±ÙŠØ­. Ù…Ø«Ø§Ù„ÙŠØ© Ù„Ø¥Ø¹Ø§Ø¯Ø© ØªØ´ÙƒÙŠÙ„ Ø§Ù„Ø­ÙˆØ§Ø¬Ø¨ Ù„Ù„Ø­ØµÙˆÙ„ Ø¹Ù„Ù‰ Ù…Ø¸Ù‡Ø± Ø£Ù†ÙŠÙ‚ Ù„Ø£ÙŠ Ù…Ù†Ø§Ø³Ø¨Ø©.
ã€Ø¢Ù…Ù† ÙˆØ·Ø¨ÙŠØ¹ÙŠã€‘Ø¬Ù„ Ø§Ù„Ø­ÙˆØ§Ø¬Ø¨ Ù‡Ø°Ø§ Ù…ØµÙ†ÙˆØ¹ Ù…Ù† Ù…ÙˆØ§Ø¯ Ø®ÙÙŠÙØ© ÙˆØºÙŠØ± Ù…Ù‡ÙŠØ¬Ø©. ØªØ±ÙƒÙŠØ¨Ø© Ø¹Ø¶ÙˆÙŠØ© Ø·Ø¨ÙŠØ¹ÙŠØ© Ø¨Ø§Ù„ÙƒØ§Ù…Ù„ Ù…ØµÙ…Ù…Ø© Ø®ØµÙŠØµÙ‹Ø§ Ù„Ù„Ø­ÙˆØ§Ø¬Ø¨. Ø®Ø§Ù„Ù Ù…Ù† Ø§Ù„Ø¹Ø·ÙˆØ± ÙˆØ§Ù„Ø£Ù„ÙˆØ§Ù† ÙˆØ¹ÙˆØ§Ù…Ù„ Ø§Ù„Ø±ØºÙˆØ©ØŒ ÙŠØªÙ…ÙŠØ² Ù‡Ø°Ø§ Ø§Ù„Ø¬Ù„ Ø§Ù„Ø³Ø§Ø¦Ù„ Ù„ØªØµÙÙŠÙ Ø§Ù„Ø­ÙˆØ§Ø¬Ø¨ Ø¨ØªØ±ÙƒÙŠØ¨Ø© Ø®ÙÙŠÙØ© ÙˆÙØ±ÙŠØ¯Ø© Ù…Ù† Ù†ÙˆØ¹Ù‡Ø§ Ø®ÙÙŠÙØ© ÙˆØºÙŠØ± Ù„Ø§ØµÙ‚Ø© Ø¯ÙˆÙ† Ø£Ù† ØªØ·ØºÙ‰ Ø¹Ù„Ù‰ Ø§Ù„Ù…Ø¸Ù‡Ø±.
ã€ØªØ´Ø°ÙŠØ¨ Ø§Ù„Ø­ÙˆØ§Ø¬Ø¨ã€‘ÙŠÙ…Ù†Ø­Ùƒ Ø­ÙˆØ§Ø¬Ø¨ Ø·Ø¨ÙŠØ¹ÙŠØ© ÙˆÙƒØ¨ÙŠØ±Ø© ÙˆØ¬Ù…ÙŠÙ„Ø©. Ù…Ø«Ø§Ù„ÙŠØ© Ù„ØªØ´ÙƒÙŠÙ„ Ø§Ù„Ø­ÙˆØ§Ø¬Ø¨ØŒ Ù„ØªØ±ÙˆÙŠØ¶ Ø§Ù„Ø­ÙˆØ§Ø¬Ø¨ Ø§Ù„Ø¬Ø§Ù…Ø­Ø© ÙˆØªØ¹Ø²ÙŠØ² Ù„ÙˆÙ† Ø§Ù„Ø­ÙˆØ§Ø¬Ø¨. Ø§Ø¬Ø¹Ù„ÙŠ ÙˆØ¬Ù‡Ùƒ Ø£ÙƒØ«Ø± Ø«Ù„Ø§Ø«ÙŠØ© Ø§Ù„Ø£Ø¨Ø¹Ø§Ø¯ ÙˆØ§Ø¨ØªÙƒØ±ÙŠ Ø´ÙƒÙ„ Ø­ÙˆØ§Ø¬Ø¨ Ù…Ø«Ø§Ù„ÙŠ.
ã€Ù…ØªÙŠÙ† Ù…Ù‚Ø§ÙˆÙ… Ù„Ù„Ù…Ø§Ø¡ã€‘Ø¬Ù„ Ø­ÙˆØ§Ø¬Ø¨ Ø´ÙØ§Ù ØºÙŠØ± Ù…Ø±Ø¦ÙŠ + ÙƒØ±ÙŠÙ… Ø­ÙˆØ§Ø¬Ø¨ Ù…Ù„ÙˆÙ†ØŒ Ø³Ù‡Ù„ ÙˆØ¶Ø¹ Ø§Ù„Ù…ÙƒÙŠØ§Ø¬ ÙˆØºÙŠØ± Ù…Ø±Ø¦ÙŠ ÙÙŠ Ø£ÙŠ ÙˆÙ‚Øª. Ù…Ù‚Ø§ÙˆÙ…Ø© Ù„Ù„Ù…Ø§Ø¡ ÙˆØ§Ù„Ø¹Ø±Ù‚ ØªÙ…Ù†Ø¹Ùƒ Ù…Ù† Ø§Ù„Ø§Ø¶Ø·Ø±Ø§Ø± Ø¥Ù„Ù‰ Ø§Ù„ØªØ¹Ø¯ÙŠÙ„ Ø¨Ø´ÙƒÙ„ Ù…ØªÙƒØ±Ø± ÙÙŠ Ø£ÙŠØ§Ù… Ø§Ù„ØµÙŠÙ Ø§Ù„Ø­Ø§Ø±Ø©. ÙŠÙ…Ù†Ø­Ùƒ Ù„Ù…Ø³Ø© Ù†Ù‡Ø§Ø¦ÙŠØ© ØªØ¯ÙˆÙ… Ø·ÙˆÙŠÙ„Ø§Ù‹.

Ø³Ø¹Ø± Ø§Ù„Ø¨ÙƒØ¬ ÙƒØ§Ù…Ù„Â  Ø¨ 7Ø§Ù„Ø§Ù ÙÙ‚Ø·ğŸ˜",2024-10-05 17:15:13,0,0,trending,"Ø¨Ø´Ø±Ø©, Ø¹Ù†Ø§ÙŠØ©, ØµØ­Ø©, Ø¬Ù…Ø§Ù„, Ø§ÙƒØ³Ø¨Ù„ÙˆØ±, Ø§ÙƒØ³Ø¨Ù„ÙˆØ±Ø±, Ø§Ù„Ø¹Ù†Ø§ÙŠØ©_Ø¨Ø§Ù„Ø¨Ø´Ø±Ø©, Ø§Ù„Ø¹Ù†Ø§ÙŠØ©_Ø¨Ø§Ù„Ø´Ø¹Ø±, Ø§Ù„Ø¬Ù…Ø§Ù„, Ø§Ù„Ø§Ø­Ø³Ø§Ø¡, ØªØ±Ø·ÙŠØ¨, explore, explorepage, instagram, reels, trending, Ø§ÙƒØ³Ø¨Ù„ÙˆØ±_explored, Ø§ÙƒØ³Ø¨Ù„ÙˆØ±_ÙÙˆÙ„Ùˆ, Ø§ÙƒØ³Ø¨Ù„ÙˆØ±"
3472404474587201349_63388720324,ig page reacts to unaliver getting off from lack of evidence allegedly,2024-10-05 17:14:53,1,0,trending,"snootiewild, trending, trendingreels, explore"
3472404633265248334_40149705490,"Wahala ğŸ˜‚

Follow for more: @rejoicetvonline 
â€¢
                              ï¿¼",2024-10-05 17:15:11,0,0,trending,"memes, naija, funny, ig, fyp, foryou, reels, trending, latestupdates, donjazzy, dbanj, 2baba, psquare, burnaboy, wizkid, davido, rema, asake, omahlay, fireboy, tems, ayrastarr, tiwasavage, yemialade, afrobeats, gossipmillnaija, tundeednut, instablo9ja, yabaleftonline"
3472404707036311380_67656634987,"â™’ï¸HUMONGOUS AQUARIUS â™’ï¸ INNER G 

ğŸ’ªğŸ¾â™ ï¸ğŸª½ 

ğŸ•‰ï¸âš•ï¸ğŸ‘ï¸â€ğŸ—¨ï¸ğŸ§˜ğŸ¾â€â™‚ï¸â™ ï¸ğŸª½ğŸ•Šï¸ğŸ’¨âš•ï¸ğŸ•‰ï¸

 â€œTHE TRUTH IS THE TRUTH AND THE DARK WILL BE BROUGHT TO LIGHT """,2024-10-05 17:15:21,0,0,trending,"spirit, enlightenment, positivevibes, universe, fyp, viral, explorepage, explore, trending, foryoupage, chakras, spiritualjourney, hope, cardology, selfcare, spiritual, spirituality, spiritualgrowth, gratitude, meditate, mind, awaken, manifestation, positivity, truth, thirdeye, trust, mindfulness, conciousness, lightworker"
3472404667433994973_68888528662,ğŸ«€,2024-10-05 17:15:16,0,0,trending,"instagram, instagood, love, like, photography, follow, instadaily, photooftheday, instalike, fashion, likeforlikes, picoftheday, beautiful, followforfollowback, insta, trending, art, india, bhfyp, photo, viral, likes, explore, nature, style, happy, followme, explorepage, model, travel"
3472404822797948638_59766469172,"Trendy Affordable Dealâœ¨
Only Rs 1800/-
Dm to place your order.
.
.
.
.
.
.
.
.
.",2024-10-05 17:15:34,0,0,trending,"newpost, viralpost, foryou, foryoupage, instagood, explore, explorepage, trending, kidsdeal, jewlery, smallbusiness, newcollection"
3472404491961028067_6910287681,"Love when my clients give me creative freedom ğŸ«¶â­ï¸
.
.
.
.",2024-10-05 17:14:56,0,0,trending,"nailsofinstagram, nails, salemornailtech, nailinspo, nailart, salemoregon, frenchnails, oregon, summernails, instanails, trending"
3472403681185191907_69686459569,"of Peace - UNPAZ is a premier medical institution in Timor Leste, dedicated to providing Indian students with a world-class medical education at an affordable price. Our college offers a unique opportunity for aspiring medical professionals to pursue their dreams without financial burdens.",2024-10-05 17:15:32,0,0,trending,"neet, neet2024, tamil, trending, timor, unpaz, University"
3472404634508266986_60770331490,Guts ğŸ˜¤,2024-10-05 17:15:13,0,0,trending,"art, foryoupage, sketch, trending, drawing, kendricklamar, anime, sketchbook, artist, manga, ink, berserk"
3472397912808689676_4090166184,"Iâ€™ll be back soon, come see me! Itâ€™s been a nice October so farâ€¦",2024-10-05 17:01:50,1,0,hot,"spookygirl, babe, hot, sexygirl, dancer, redgarterindy, adultentertainer, prettygirl, longhair, curlyhair, petitegirls, tattooedgirls, altgirls, fishnets"
3472399837331460879_66982724517,,,0,2,hot,
3472398454897862032_39639225169,This yearâ€™s pear harvest. Iâ€™m so thankful for the abundance of my garden!,2024-10-05 17:02:55,0,0,hot,"grow, pears, pearshaped, greenacre, ilovecalifornia, hot, eatwhatyougrow, growfood, fruity, yummy, autumn"
3472399267984092051_64693124427,"KÃ¶p nu ğŸ‘‰ WIQ Lyxig SkÃ¤ggtvÃ¤tt med Naturliga Ingredienser https://wiq.se/products/foaming-beard-wash-2 
WIQ NR1 Lingerie Shop â¤ï¸",2024-10-05 17:04:37,0,0,hot,"Hot, beauty, love, makeupt, trends, lingerieshop, sexylingerie, sexigaunderklader, adult, bdsm, fashion"
3472401396160649878_66572712927,"Girl... Rock Diva? ğŸ‘€

ğŸ˜ƒğŸ¥°",2024-10-05 17:08:46,1,0,hot,"rockchick, rockdiva, mj, girl, rocker, lovely, hotwomen, outfit, hot, fashion, mariliisroots, mariliis"
3472397126943073048_48685199019,"Depois do fim, ainda sobraram muitas histÃ³rias para serem contadas. VocÃª estÃ¡ preparada para mais um livro e um conto do universo dos Homens Poderosos?",2024-10-05 17:00:17,1,0,hot,"leiturasafada, hot, erotic, amazonkindle, Top100Amazon, sexypeach69, romancebooks, HaremReverso, kindle, pÃªssegossuculentos, SheikApaixonado, romanceerotico, amazon, pessegosuculentos"
3472105470019990555_1630787076,"ğŸ–¤
.
.
.",2024-10-05 17:03:45,3,2,hot,"photography, photooftheday, photo, picoftheday, photographer, model, photoshoot, beautiful, beauty, love, portrait, canon, selfie, art, artist, womanstyle, fotografia, portraitphotography, pretty, photographylovers, amazing, ootd, ootdfashion, lady, hot, instadaily, instapic, selfie, sonyalpha, sony, sonyphotography"
3472399742054188572_48928775050,"What do Judy Hopps from Zootopia, Gil from Finding Nemo, and Meg from Hercules have in common? They are the thirst traps of fictional crushes. Share your fictional crushes with us at our next meeting on Tuesday at 7:30 PM in SU 325!",2024-10-05 17:05:29,1,0,hot,"fictionalcrush, dontyuckmyyum, cartoon, nostalgia, hot, powerpointnight, presentationclub"
3472397547375875753_503187611,"ITS GOING DOWN AT @sillhouettesshowbar TONIGHT!!! IF YOU'RE IN PA STOP BY AND TURN UP!! 
.
.
.
.
.
.
.
.
.",2024-10-05 17:01:07,0,0,hot,"dancer, explorepage, dancinggirls, fashion, strip, photography, beautiful, babes, hot, instagood, art, love, fyp, cocktail, cocktails, party, sexy, xtrememagazine, modelphotography"
3472397066776151982_52093191719,"Joshiween 5: AsukağŸ‡¯ğŸ‡µNatalyağŸ‡¨ğŸ‡¦DakotağŸ‡³ğŸ‡¿Kairi ğŸ‡¯ğŸ‡µIyoğŸ‡¯ğŸ‡µ

Tags: ğŸ·ï¸",2024-10-05 17:00:27,0,0,hot,"HAWAsia, iyosky, Asuka, kairisane, tjpw, stardomwrestling, stardom, asianwrestlers, asianwrestler, asiangirls, asian, asianbeauty, asianbabe, BadBlood, WWE, WWE2K24, AEW, AEWFightForever, ImpactWrestling, NJPW, Baddie, Women, Wrestle, Wrestler, Wrestling, Hot"
3472400960432582839_69557440695,"ğŸ‚ğŸ§¡

  
     
._.KD ost",2024-10-05 17:07:54,0,0,hot,"quotes, explorepage, explore, instagood, instalike, instagram, instadaily, instafashion, instamood, instapic, insta, killer, p, newpost, look, cars, smile, pose, happy, edits, cars, smile, pose, happy, edits, hot, sitapur"
3472397695609995452_69103472242,"ğŸ”¥Use code 'BAGS15' for Discount (Only for bags)ğŸ”¥

âœ¨ Shop Our Womenâ€™s Accessories Collection! 

Link in bioğŸâ¬‡ï¸ğŸ¦‹

ğŸ¦‹ Stylish Handbags
ğŸ¦‹ Elegant Wallets
ğŸ¦‹ Trendy Jewelry 

ğŸšš Free Home Delivery & Open Before Payment!
ğŸ’– Discount code BAGS15 is only for bags.

For more details Dm us â¬‡ï¸ or contact us on ğŸ¦‹WhatsApp ğŸ¦‹ in bio",2024-10-05 17:01:26,2,0,hot,"pakistan, bag, bags, style, snapstore, pk, online, trust, quality, stock, stocks, stylish, shoulder, decent, hot, trend, trendingreels, trending"
3472400597657388735_69103472242,"ğŸ”¥Use code 'BAGS15' for Discount (Only for bags)ğŸ”¥

âœ¨ Shop Our Womenâ€™s Accessories Collection! 

Link in bioğŸâ¬‡ï¸ğŸ¦‹

ğŸ¦‹ Stylish Handbags
ğŸ¦‹ Elegant Wallets
ğŸ¦‹ Trendy Jewelry 

ğŸšš Free Home Delivery & Open Before Payment!
ğŸ’– Discount code BAGS15 is only for bags.

For more details Dm us â¬‡ï¸ or contact us on ğŸ¦‹WhatsApp ğŸ¦‹ in bio",2024-10-05 17:07:11,0,0,hot,"pakistan, bag, bags, style, snapstore, pk, online, trust, quality, stock, stocks, stylish, shoulder, decent, hot, trend, trendingreels, trending"
3472401437122186689_359682090,UD Las Palmas 0-1 Celta de Vigo,2024-10-05 17:08:50,0,0,hot,"thechickenbaltichronicles, laliga, groundhopping, groundhopper, spain, laspalmas, grancanaria, celta, vigo, udlaspalmas, stadium, hot, redcard, espaÃ±a, instabalti"
3472401357733205186_66982724517,,,0,4,hot,
3472399809649607748_68695595807,LIKE & FOLLOW US ğŸ¥°,2024-10-05 17:05:37,0,0,hot,"GolosasCalientes, sexy, hentai, likes, hot, followers, sexy, erotica, woman, gorgeous, bikini, ia, modeling, lingerie, anime, sensual, nft, hotgirl, sexymodel, sexygirls"
3472396940022975306_68027276488,dogs,2024-10-05 17:02:44,0,0,hot,"stpauli, Reeperbahn, dÃ¤nemark, hot, essen"
3472315748511227722_1475665390,"Yum in a nutshell ğŸ¥ğŸ½ï¸ğŸ˜‹
At @pentagon.bc â›±ï¸",2024-10-05 17:06:38,3,0,hot,"food, foodporn, yum, instafood, yummy, amazing, instagood, photooftheday, sweet, dinner, lunch, breakfast, fresh, tasty, foodie, delish, delicious, eating, foodpic, foodpics, eat, hungry, foodgasm, hot, foods"
3472399991833494732_68695595807,LIKE & FOLLOW US ğŸ¥°,2024-10-05 17:05:58,1,0,hot,"GolosasCalientes, sexy, hentai, likes, hot, followers, sexy, erotica, woman, gorgeous, bikini, ia, modeling, lingerie, anime, sensual, nft, hotgirl, sexymodel, sexygirls"
3472400664331509078_7346358043,"Zwei starke MÃ¤nnerâ€¦ ğŸ«£ğŸ˜œğŸ˜‚â¤ï¸ itâ€˜s Vegas, Baby ğŸ™Œ",2024-10-05 17:07:18,1,0,hot,"chippendales, men, strong, power, energy, lasvegas, freemontstreet, bodybuilding, hot, crew, crewlife, layover, usa, dreamscometrue"
3472398240599585882_5655061927,St Ives again. I love the boats in the harbour.,2024-10-05 17:02:31,2,0,hot,"stives, harbour, blueskies, bluesea, boats, cornwall, landscape, seascape, autumn, hot, photography, photooftheday, picoftheday"
3472401554178223712_52093191719,"Kidd Bandit ğŸ‡µğŸ‡­

Tags: ğŸ·ï¸
                        

If it bothers you that theyâ€™re trans just ignore this post, if it bothers you enough to unfollow, good fucking riddance.",2024-10-05 17:09:06,0,0,hot,"HAWAsia, trans, kiddbandit, tjpw, stardomwrestling, stardom, asianwrestlers, asianwrestler, asiangirls, asian, asianbeauty, asianbabe, BadBlood, WWE, WWE2K24, AEW, AEWFightForever, ImpactWrestling, NJPW, Baddie, Women, Wrestle, Wrestler, Wrestling, Hot"
3472397085734565095_38946234,"Also did some high bix jumps at 42"", as well as Farmer Walk/Shrug combo with 70lbs kettle bells, and straight farmer walk with 106lbs kettle bells!",2024-10-05 17:00:14,1,0,hot,"buckedupambassador, buckedupidahofalls, buckedup, nevergiveup, bodybuilding, bodybuilder, fitness, muscle, exercise, keepgoing, fitnessaddict, gym, gymmotivation, hot, keepatit, personaltrainer, motivation, gymrat, naturalbodybuilding, personaltraining"
3472400887652431598_68352506249,#,2024-10-05 17:09:15,0,0,hot,"ØµÙˆØ±Ø©, Ø§ÙƒØ³Ø¨Ù„ÙˆØ±, ØµÙˆØ±, Ù„Ø§ÙŠÙƒ, Ø¹ÙŠØ¨, Ø­Ø¨, Ø§Ù„Ø³Ø¹ÙˆØ¯ÙŠØ©, Ù„Ø¨Ù†Ø§Ù†, Ø§Ù„Ø¹Ø±Ø§Ù‚, Ø§Ù„Ø§Ø±Ø¯Ù†, Ø¨ÙˆØ³, Ø³ÙˆØ±ÙŠØ§, Ø§Ù„Ø±ÙŠØ§Ø¶, Ø¬Ø¯Ù‡, Ø§Ù„Ø¯Ù…Ø§Ù…, Ø­Ø¶Ù†, explore, love, like, followforfollowback, ksa, hot, smile, girl, girls, Ø¨Ù†Ø§Øª, ÙÙˆÙ„Ùˆ, ÙØ¯ÙŠÙˆ"
3472373098021527044_69480629583,"Add up a classy hoodie in your winter â„ï¸ stuff......
DM us.... Or contact hereğŸ‘‡
ğŸ‘‰wearsbrutal@gmail.com",2024-10-05 16:12:32,0,0,latest,"hoodies, winter, fashion, design, latest, sportwear, tracksuitseason, trouserstyles, baskrtballuniforms, football, hockey, rugby, jersey, usa, uk, australia, mexico, sublimation, printing"
3472390123138258822_68979301112,"âœ¨ Exclusive Announcement âœ¨

PREORDERS for our LATEST COLLECTION of HIGH-END BOUTIQUE KOREAN CLOTHES and COSMETICS are now open.

Elevate your style and beauty with our exquisite pieces. Place your order today and be among the first to experience this elegant collection!

Thank you for your continued support, and happy shopping!",2024-10-05 16:46:22,1,0,latest,"kbeauty, kpop, fyp, losangeles, tennessee, Maryland, DC, fashion, SALE, california, fashion, elegant, BLACKPINK, business, success, latest, ordernow, beautiful, inspiration"
3472398536115223433_174465198,on,2024-10-05 17:07:44,2,0,latest,"Latest, Linux, kernel, intel, ia64, Itanium, T2sde, T2Linux, opensource"
3472389656454200204_68979301112,"âœ¨ Exclusive Announcement âœ¨

PREORDERS for our LATEST COLLECTION of HIGH-END BOUTIQUE KOREAN CLOTHES and COSMETICS are now open.

Elevate your style and beauty with our exquisite pieces. Place your order today and be among the first to experience this elegant collection!

Thank you for your continued support, and happy shopping!",2024-10-05 16:45:26,0,0,latest,"kbeauty, kpop, fyp, losangeles, tennessee, Maryland, DC, fashion, SALE, california, fashion, elegant, BLACKPINK, business, success, latest, ordernow, beautiful, inspiration"
3472388368332235660_68979301112,"âœ¨ Exclusive Announcement âœ¨

PREORDERS for our LATEST COLLECTION of HIGH-END BOUTIQUE KOREAN CLOTHES and COSMETICS are now open.

Elevate your style and beauty with our exquisite pieces. Place your order today and be among the first to experience this elegant collection!

Thank you for your continued support, and happy shopping!",2024-10-05 16:42:52,1,0,latest,"kbeauty, kpop, fyp, losangeles, tennessee, Maryland, DC, fashion, SALE, california, fashion, elegant, BLACKPINK, business, success, latest, ordernow, beautiful, inspiration"
3472386744945170577_68979301112,"âœ¨ Exclusive Announcement âœ¨

PREORDERS for our LATEST COLLECTION of HIGH-END BOUTIQUE KOREAN CLOTHES and COSMETICS are now open.

Elevate your style and beauty with our exquisite pieces. Place your order today and be among the first to experience this elegant collection!

Thank you for your continued support, and happy shopping!",2024-10-05 16:39:39,0,0,latest,"kbeauty, kpop, fyp, losangeles, tennessee, Maryland, DC, fashion, SALE, california, fashion, elegant, BLACKPINK, business, success, latest, ordernow, beautiful, inspiration"
3472347427708525081_4775619618,"All New Dresses Order DM Me
Whatapps +917415498984 ğŸ“²
Shop Name=@shweta_fashion_hub_india ğŸ›
Product DetailsğŸ‘‡
Fully stitch dressesâœ”ï¸
Fabric=Allâœ”ï¸
Size=S,M,L,XL,XXL,XXXL,4XL,5XL
,6XL,7XL,8XL,9XL,10XLâœ”ï¸
Customized Stiching Available âœ”ï¸
Colour=All Colours Available âœ”ï¸
Price=DMâœ”ï¸
Payment Mode=Cash On Delivery
UPI âœ”ï¸
100%Quelity Products âœ”ï¸
Buy First Then Trust.. ğŸ™
Keep-Shopping.. ğŸ›
.",2024-10-05 15:27:32,4,0,latest,"dressesonline, collection, latest, designs, buy, it, then, trust, it, shopusaonlinestores"
3472379700534734374_62266758873,Hande made customise short Shirt and  Garra zero size mertial work on shirts & dupatt or garra work cora dabka & load & crystal work  are include,2024-10-05 16:25:48,0,0,latest,"newlook, unique, unqiuefashion, latest, design, girlswholikegirls, girls, girlsfashÄ±on, 2024, 2024viralvideo, 20likes, 2020, 2024readingchallenge, viralpost, viralpost, viralpost2024, viraÅ‚post, viralpost2024ã‚·, viralvideos, viralvideochallenge, viralvideo, viralvideoã‚·, viralvÃ­deo, viralvideofb, á´ ÉªÊ€á´€ÊŸá´ Éªá´…á´‡á´, viralvideoreelsfb, viralvÃ­deos, viralvideostar, viral, dubai"
3472352308720396466_64273421012,"Latest Heena design ğŸŒ¹
Feel free to contact us :-Dm

â€œâ€
          â™¥ï¸",2024-10-05 15:31:14,3,0,latest,"mehndi, mehndidesign, mehndiart, rosemehndi, latestmehndidesign, heena, heenadesign, handheena, handmehndi, weeding, weedingmehndi, partyhenna, fyp, intagram, latest, updates, followus, fypppppppppppppppppppppppppppppppppppppppppppppppppppppppppppppppppppppp"
3472368404370670132_52782858789,Direct from Todayâ€™s ShootğŸ”¥ğŸ¬ @malik_sadaat_,2024-10-05 16:04:07,3,0,latest,"sadaatmalik, model, actorslife, lifestyle, rich, richlifestyle, sassy, modelshoot, modeling, fashionmodel, fashionphotographer, suits, trendy, latest, instagood, instalike, instadaily, actor, actors, mumbaikar, delhiite, nainital, nainital_the_city_of_lakes, trendingnow, outfitinspiration, outfit"
3472353011635818036_68304336090,"Neck,Sleeves Border Heavy Embroidery With Pearls Attached Dupatta 3Pcs
Size Mesurement
Chest Size 20/21
Maxi Length 53
Maxi Ghair 100
Maxi Stuff Shamose
Trouser Length 37
Stuff Malai
Silk Border Chiffon Dupatta
Pearls Attached
Size 2.5 Yards
Stuff Chiffon
Medium and Large

Free Delivery all over Pakistan

.
.
.
.
.
.
.
.",2024-10-05 15:32:38,0,0,latest,"design, designerwear, fashion, fashionnova, dress, latest, outfit, outfitoftheday, outfitinspiration, quality, tiktok, brand, trend"
3472388808376145462_60079281577,"ğŸ“ŒğŸ“ŒğŸ“Œ06.10.2024ğŸ“ŒğŸ“ŒğŸ“Œ
Bookmyshow link ğŸŸğŸŸğŸ‘‡ğŸ‘‡ğŸ‘‡ğŸ‘‡
https://bit.ly/devawhatsapp
à´¨à´®àµà´®àµà´Ÿàµ† à´¦àµ‡à´µ à´¸à´¿à´¨à´¿à´®à´¾à´¸à´¿àµ½
4K à´¦àµƒà´¶àµà´¯ à´®à´¿à´•à´µà´¿à´²àµà´‚
à´¡àµ‹àµ¾à´¬à´¿ à´…à´±àµà´±àµà´®àµ‹à´¸àµ à´¶à´¬àµà´¦à´µà´¿à´¸àµà´®à´¯à´¤àµà´¤à´¿àµ½
à´†à´¸àµà´µà´¦à´¿à´•àµà´•à´¾àµ» à´¬àµà´•àµà´•àµ à´šàµ†à´¯àµà´¯àµ‚ ..
ğŸ¥ (MALAYALAM 3D)
ğŸ¥ KAANDAM (MALAYALAM 2D)
Join Our WhatsApp : https://bit.ly/devawhatsapp
Feel the experience in
ğŸ”Š4K Dolby Full AtmosğŸ”ŠÂ®ï¸
Bookmyshow link ğŸŸğŸŸğŸ‘‡ğŸ‘‡ğŸ‘‡ğŸ‘‡
https://bit.ly/devacinemas
Our Instagram Link ğŸ“²ğŸ“²ğŸ‘‡ğŸ‘‡ğŸ‘‡ğŸ‘‡
https://www.instagram.com/deva_cinemas/
  
    
   
   
ğŸ‡© ğŸ‡ª ğŸ‡» ğŸ‡¦ ğŸ‡¨ ğŸ‡® ğŸ‡³ ğŸ‡ª ğŸ‡² ğŸ‡¦ ğŸ‡¸",2024-10-05 16:43:46,1,0,latest,"ARM, KISHKINDHA, 4kdolbyfullatmos, thrissur, peringottukara, dolby, dolbyatmos, atmos, 4k, theatre, deva, devacinemas, devafans, devadolby, cinemas, cinemasupdates, latest, new"
3472352180834960180_7565231255,"Rizwan beyg
Small 
80K",2024-10-05 15:30:59,0,0,latest,"rizwanbeyg, suffusebysanayasir, reels, instagood, fashion, blogger, karachi, lahore, islamabad, beautiful, pretty, dresses, eiddress, beauty, eid, trends, latest, trending, new, old, reown_wardrobe, love, pakistan, collaboration, botique, prelovedbranded, reownwardrobe, makeup, photography"
3472340214301244231_7565231255,"Shehla chatoor 
Small
380k

Sa .",2024-10-05 15:30:00,0,0,latest,"mysie, reels, instagood, fashion, blogger, karachi, lahore, islamabad, beautiful, pretty, dresses, eiddress, beauty, eid, trends, latest, trending, new, old, reown_wardrobe, love, pakistan, collaboration, botique, prelovedbranded, reownwardrobe, makeup, photography"
3472392650489900112_2975019258,"Check out CLIENTâ€™s CAM ğŸ“· on our 3 piece maroon color kaftanğŸ‘ŒğŸ¾ 

Shout out to our clients the biggest FORCE @mcbblaze 
We give credence to our customers we are always devoted to making your every order our top priority â˜…â˜…â˜…â˜…â˜…",2024-10-05 16:51:24,1,0,latest,"jmaafrica, revvingstyleacrosstheglogbe, mensfashion, latest, goodvibes, exploremore, explorepage, celebrity, mc, event, wedding, guys, ladies, kaftanmodern"
3472349749490735312_4775619618,"All New Dresses Order DM Me
Whatapps +917415498984 ğŸ“²
Shop Name=@shweta_fashion_hub_india ğŸ›
Product DetailsğŸ‘‡
Fully stitch dressesâœ”ï¸
Fabric=Allâœ”ï¸
Size=S,M,L,XL,XXL,XXXL,4XL,5XL
,6XL,7XL,8XL,9XL,10XLâœ”ï¸
Customized Stiching Available âœ”ï¸
Colour=All Colours Available âœ”ï¸
Price=DMâœ”ï¸
Payment Mode=Cash On Delivery
UPI âœ”ï¸
100%Quelity Products âœ”ï¸
Buy First Then Trust.. ğŸ™
Keep-Shopping.. ğŸ›
.",2024-10-05 15:27:04,3,0,latest,"dressesonline, collection, latest, designs, buy, it, then, trust, it, shopusaonlinestores"
3472379193989978834_8512423831,@manishmalhotra05's new store launch ğŸ’–,2024-10-05 16:26:06,33,1,latest,"Latest, GauriKhan, firstlady, QueenKhan"
3472366947670637396_45971516240,"students portrait photo 
Ø§Ø®Ø± Ø§Ø¹Ù…Ø§Ù„ Ø·Ù„Ø§Ø¨ Ø§Ù„ÙˆØ±Ø´Ù‡ 
 
 
 
 
      ğŸ“¸",2024-10-05 16:00:20,1,0,latest,"latest, retroframestudios, ÙƒÙˆØ±Ø³ØªØµÙˆÙŠØ±, ØªØµÙˆÙŠØ±, ØªØµÙˆÙŠØ±ÙŠ, ØªØ¹Ø¯ÙŠÙ„_Ø§Ù„ØµÙˆØ±, ØªØµÙˆÙŠØ±, ØªØµÙˆÙŠØ±_ÙÙˆØªÙˆØºØ±Ø§ÙÙŠ, ØªØµÙˆÙŠØ±_Ø¬ÙˆØ§Ù„, ØªØµÙˆÙŠØ±ÙŠ_canon, ØªØµÙˆÙŠØ±_Ø§Ø­ØªØ±Ø§ÙÙŠ, ØªØµÙˆÙŠØ±ÙŠ, ØªØµÙˆÙŠØ±ÙŠ_, ØªØµÙˆÙŠØ±Ù…Ù†ØªØ¬Ø§Øª, photographer, photochallenge, photographychallenge, photographychallengechallengeraphychallengechallenge, photo, photoshoot, photography, photooftheday, PhotoEditingChallenge, photographychallengechallenge"
3472386073016089688_28124653061,"will appear on The Jennifer Hudson Show on Monday, October 7th with Jimmy Kimmel l",2024-10-05 16:38:20,0,0,latest,"Tems, socialsane, reels, tiktok, dancers, dance, explore, explorepage, afrobeat, afrobeats, africa, ghana, nigeria, memes, funnyvideos, trending, reelsinstagram, trendingreels, latest, viral"
3472387206796171745_68979301112,"âœ¨ Exclusive Announcement âœ¨

PREORDERS for our LATEST COLLECTION of HIGH-END BOUTIQUE KOREAN CLOTHES and COSMETICS are now open.

Elevate your style and beauty with our exquisite pieces. Place your order today and be among the first to experience this elegant collection!

Thank you for your continued support, and happy shopping!",2024-10-05 16:40:34,0,0,latest,"kbeauty, kpop, fyp, losangeles, tennessee, Maryland, DC, fashion, SALE, california, fashion, elegant, BLACKPINK, business, success, latest, ordernow, beautiful, inspiration"
3472376526145395682_69687635946,Latest Movie/Series download,2024-10-05 16:19:21,0,0,latest,"downloadmovies, movies, movie, download, moviedownload, moviereview, hollywood, movimento, film, moviesdownload, series, newmovie, webseries, watch, bhfyp, watchonline, freemovie, dubbed, new, completeseason, hindi, urgentx, latest, fullmovie, urgent, season, sfreedownload, downloadmovie, downloadfilm, fmkclubs"
3472385472988924775_68979301112,"âœ¨ Exclusive Announcement âœ¨

PREORDERS for our LATEST COLLECTION of HIGH-END BOUTIQUE KOREAN CLOTHES and COSMETICS are now open.

Elevate your style and beauty with our exquisite pieces. Place your order today and be among the first to experience this elegant collection!

Thank you for your continued support, and happy shopping!",2024-10-05 16:37:07,0,0,latest,"kbeauty, kpop, fyp, losangeles, tennessee, Maryland, DC, fashion, SALE, california, fashion, elegant, BLACKPINK, business, success, latest, ordernow, beautiful, inspiration"
3472367164347961584_3460090439,"Pakistanâ€™s star boxer Muhammad Waseem achieved another milestone by knocking out Georgian boxer Jaba Memishishi in the World Bodybuilding Federation (WBF) Bantamweight ranking bout in Malta. The 34-year-old fighter delivered a stunning performance, finishing his opponent in the third round. 

This victory marks Waseemâ€™s 13th professional win, with an impressive nine of those coming by knockout. His current record stands at 13 wins and 2 losses from a total of 15 bouts. Waseemâ€™s journey hasnâ€™t been without its challenges. Recently, he faced disappointment when his visa application for Denmark was rejected. 

In an interview with a local news channel, the two-time WBC silver champion shared his frustration, saying, â€œI have been a world champion twice, and they rejected my visa, claiming I would disappear if I went there. I travel all over the world and was training with my coaches in London. I needed to arrive in Malta early to prepare for the upcoming world title fight.â€",2024-10-05 16:00:45,31,0,latest,"92newshdplus, pakistan, boxingchampion, WBF, bantamweight, knockoutvictory, professionalboxing, pakistanboxing, boxingmilestone, sports, athletejourney, visaissues, worldchampion, boxinglife, fight, Maltaboxing, trending, viral, foryou, latest"
3472384385498101876_68979301112,"âœ¨ Exclusive Announcement âœ¨

PREORDERS for our LATEST COLLECTION of HIGH-END BOUTIQUE KOREAN CLOTHES and COSMETICS are now open.

Elevate your style and beauty with our exquisite pieces. Place your order today and be among the first to experience this elegant collection!

Thank you for your continued support, and happy shopping!",2024-10-05 16:34:58,0,0,latest,"kbeauty, kpop, fyp, losangeles, tennessee, Maryland, DC, fashion, SALE, california, fashion, elegant, BLACKPINK, business, success, latest, ordernow, beautiful, inspiration"
3472392584195845239_58392294002,"Jack Doherty just crashed his brand new McLaren on stream ğŸ˜³
@jackdoherty 

.

.

.

.

.

.

.

.

.

.

.

.

     SEO",2024-10-05 16:51:16,28,5,latest,"jackdoherty, kickstreamer, mclarencrash, twitchstreamerclips, carcrashvideos, seo, liveonkick, liveonstream, justcrashed, crashedcar, hisbrand, brandnewcar, newmclaren, onstream, trending, viral, reel, explore, latest, updates, news, popculturenews, poppinculture, pop_in_culture"
3472381033838139258_7783341075,OpenAIâ€™s o1: Is It A New Reasoning Paradigm Or Just Smoke And Mirrors? via  â†’  https://bit.ly/3BvOO9Q,2024-10-05 16:28:22,0,0,latest,"TowardsAI, ArtificialIntelligence, Latest, MachineLearning"
3472397074199488382_21619480852,"sambhavam ğŸ˜ğŸ˜
.
.",2024-10-05 17:00:10,1,0,latest,"vettaiyan, latest, tollywood, telugucinema, telugureels, friends, besties, mass, class, fans, vijayawada, hyderabad, bangalore, vizag, memes, reels, telugufun, filmyupdates"
3472405146918314114_7435349417,"Sitting doll cake 
.
.
.
.
.",2024-10-05 17:16:13,0,0,new,"beautiful, likes, viralvideos, foryoupage, picoftheday, onlineshopping, instalike, beauty, bollywood, art, likesforlike, newpost, post, photoshoot, kerala, instafashion, bhfyp, cute, exploremore, fashionstyle, reelitfeelit, ootd, travel, lifestyle, nature, new, fashionblogger, motivation, mumbai, comment"
3472404906131140371_12726650039,"ATENÃ‡ÃƒO BOIADEIRAS! Chegaram os novos ChapÃ©us Pink em nossa loja! ğŸ˜ğŸ˜ğŸ˜

- NÃ£o perca tempo, corra garantir o seu!",2024-10-05 17:15:44,0,0,new,"chapeu, pink, new, boiadeira"
3472403770295869851_63741912104,NEW CHARACTER IN MANGA ONE PIECE â˜ ï¸,2024-10-05 17:16:23,0,0,new,"anime, edit, onepiece, manga, new, reels, instagram"
3472405829625223069_69668389331,#ğŸ¤,2024-10-05 17:17:34,0,0,new,"shop, new, é‘°åŒ™åœˆåŠé£¾, é‘°åŒ™åœˆ, æ›ç¹©, æ‰‹éŠ, æ‰‹éˆdiy, æ‰‹éˆåŠé£¾, å¯æ„›, å°å¡, å‡ºå¡, é‘°åŒ™æ‰£, é‘°åŒ™æ‰£æ›ä»¶, é‘°åŒ™æ‰£è¨‚åˆ¶, è¨‚è£½, ç¦®ç‰©, æƒ…ä¾¶ç¦®ç‰©"
3472405833373375391_62721925418,"Winter collection ğŸ˜ğŸ˜ğŸ˜

ğŸ‡¸ğŸ‡¾",2024-10-05 17:17:34,0,0,new,"syria, shein, aleppo, winterfashion, winter, new, newcollection, love, girls, lifestyle"
3472405771373258144_68041580722,ğŸ“œğŸ§¸,2024-10-05 17:17:29,0,0,new,"darllart, photography, photooftheday, naturephotography, travelphotography, travel, blog, blogger, spain, salamanca, spaintravel, aesthetic, instagram, new"
3472405157961462562_69862223196,"ğŸ’¥ven y conoce nuestra nueva colecciÃ³n ğŸ’¥
Siempre con lo mejor ğŸ”¥ğŸ”¥ğŸ”¥

ğŸ“tienda fÃ­sica en cali 
ğŸ“centro comercial el caleÃ±o local 618 

ğŸ“²3188717502
ğŸ“²3160664350",2024-10-05 17:16:14,0,0,new,"cargos, new, nuevacoleccion, cargoslindos, fyp"
3472405119721056425_44059654356,"Premium dress available as seen.

Size: 8-10
Price: N18,000
Perfect material and style!
Send a dm to place your orders.
Delivery is Nationwide.",2024-10-05 17:16:10,0,0,new,"clothes, clothingbrand, jeans, jean, clothing, sales, cloth, new, collection"
3472404939375367218_67449866816,"â€¢Â°Ensalada-YaoÂ°â€¢
Una explosiÃ³n de sabores inigualables para tu paladar!
No dejes que te lo cuenten, el nuevo plato ingresado al menÃº de @platayao_ enamorarÃ¡ tus papilas gustativas, es una promesa!!!
.
.
.
.",2024-10-05 17:15:48,2,0,new,"platayao, plato, nuevo, sazÃ³n, diferente, new, comida, cocina, hotdog, hotdogyao, pastelenhoja, Moca, republicadominicana, innovador, yum, unico, gastronomia, amigos, familia, ensaladayao, jugoso, food, sabroso, ensalada, yao, isla, contactanos"
3472405410545579059_45807447385,Alo collection #,2024-10-05 17:16:45,1,0,new,new
3472405011538164916_2302847494,baÃ±o,2024-10-05 17:15:57,0,0,new,"wazza, caldas, envigado, medellin, fashion, new, moda, ropa, vestidosdebaÃ±o, salidasde, jeans, blusasfemininas, pantaloncargo, pantalonesdama"
3472404525631620662_44059654356,"Premium dress available as seen.

Size: 8-10
Price: N12,000
Perfect material and style!
Send a dm to place your orders.
Delivery is Nationwide.",2024-10-05 17:14:59,0,0,new,"clothes, clothingbrand, jeans, jean, clothing, sales, cloth, new, collection"
3472405839160216759_49227218517,"Product photography for Lusso designs India
Shot and edited by @savio_simon_films & @__vedant.a__ 
Brand: Lusso Designs India 
Work: Car modification | interior | exterior 

                             
@hyundai.spotlight @hyundaiindia @hyundai",2024-10-05 17:17:36,0,0,new,"car, cars, cargram, carporn, carinstagram, insta, instagood, insta, instalike, instadaily, instafashion, cinema, photo, photooftheday, photography, photogram, photograph, carinterior, carmod, carmodel, carmodified, carmodification, new, newpost, india, mumbaiachieversawards2024priyankachaharchoudhary, mumbai, cinematography, cinemagraph, cinematographer"
3472405544804538682_50484150150,"ğŸ†• 
 Ù…Ø§Ù…Ø§ Ù„Ù„Ø£Ø·ÙØ§Ù„  â„ï¸â„ï¸
ğŸŒ¼ğŸŒ¼â™¥ï¸â™¥ï¸
Ù†Ø¹Ø¯ÙƒÙ… Ø¨Ù…ÙˆØ³Ù… Ø´ØªØ§Ø¦ÙŠ Ø±Ø§Ø¦Ø¹ ÙˆÙ…Ø®ØªÙ„Ù ÙˆØ¨Ø£Ø³Ø¹Ø§Ø± Ù…Ù†Ø§Ø³Ø¨Ø© Ø¬Ø¯Ø§Ù‹ ğŸ’«ğŸ’«

 Ø¹Ø¯Ù†Ø§ 
Ù†Ø¯Ø¹ÙˆÙƒÙ… Ù„Ø²ÙŠØ§Ø±Ø© Ø§ÙƒØ¨Ø± Ù…Ø±ÙƒØ² ÙÙŠ Ø§Ù„Ù‚Ø·Ø± ÙŠØ®ØªØµ Ø¨ØªÙˆÙÙŠØ± ÙƒÙ„ Ø§Ø­ØªÙŠØ§Ø¬Ø§Øª Ø§Ù„Ø£Ø·ÙØ§Ù„ Ù…Ù† Ø­Ø¯ÙŠØ«ÙŠ Ø§Ù„ÙˆÙ„Ø§Ø¯Ø© Ù„ØºØ§ÙŠØ© Ø¹Ù…Ø± ( 16 ) Ø³Ù†Ø© ..

Ø§Ù„Ø¹Ù†ÙˆØ§Ù† : Ø§Ù„ÙƒØ±Ø§Ø¯Ø© - Ø´Ø§Ø±Ø¹ Ø§Ù„Ø¹Ø·Ø§Ø± - Ù…Ø¬Ø§ÙˆØ± Ù…ØªÙ†Ø²Ù‡ Ø§Ù„ÙƒØ±Ø§Ø¯Ø© ..

ØªØªÙˆÙØ± Ø®Ø¯Ù…Ø© ØªÙˆØµÙŠÙ„ Ø§Ù„Ù‰ Ø¬Ù…ÙŠØ¹ Ø§Ù†Ø­Ø§Ø¡ Ø§Ù„Ø¹Ø±Ø§Ù‚ ğŸš™ğŸš™
Ù„Ù„Ø¥ØªØµØ§Ù„ : 07722267499
ÙˆØ§ØªØ³Ø§Ø¨ : 07722267499
  2024",2024-10-05 17:17:02,1,0,new,"Ù…Ø§Ù…Ø§, Ø¬Ø¯ÙŠØ¯, Ø´ØªØ§Ø¡_2025, Ø§Ù„Ø§Ø³Ø¹Ø§Ø±, ØºÙŠØ±, Ù…Ø§Ù…Ø§, Ø´ØªØ§Ø¡, mama, SALE, new, Ø¨ØºØ¯Ø§Ø¯, Ø§Ù„Ø¹Ø±Ø§Ù‚, Ù…Ù„Ø§Ø¨Ø³_Ø§Ø·ÙØ§Ù„, Ù…Ù„Ø§Ø¨Ø³_Ø´ØªÙˆÙŠØ©, Ù…Ù„Ø§Ø¨Ø³_Ø¨Ù†Ø§Øª, ØªØ®ÙÙŠØ¶Ø§Øª"
3472405532668185919_1173943345,Congrats!!! dadakeem!!!,2024-10-05 17:16:59,1,0,new,"yogurt, boba, smoothies, new, fairfax, fruit, asian, sweet, dessert, fairoaks, centreville, chantilly, banana, strawberry, dragonfruit, probiotics, refresh, creamy"
3472405078296733641_23365248441,"Ø­Ù…Ø§Ø³ Ø§Ø±Ø§Ø³ ÙˆÙ‡Ùˆ Ø¹Ù… ÙŠØºÙ†ÙŠ Ù‡ÙŠØ¬Ø§Ù† ÙŠÙˆÙƒ + Ø§Ù„Ø¹ÙˆØ¯Ø© Ø¥Ù„Ù‰ Ø£Ø¬Ù…Ù„ Ø°ÙƒØ±ÙŠØ§Øª Ø§Ù„Ø­ÙØ±Ø© Ù…Ø¹ Ø§Ù„Ø£ØºÙ†ÙŠØ© â¤ï¸ğŸ¥¹ 
Ù†Ø§Ø³ÙŠ Ø§Ù„ÙƒÙ„Ù…Ø§Øª ğŸ¥ºâ¤ï¸

    
.
.
.
.
Follow â©@flora__lora__my 
Follow â©@flora__lora__my 
.
.
.
.
âœ¨",2024-10-05 17:16:08,0,0,new,"arasbulutiynemli, arasbulut, deha, dehadizi, Ø§Ù„Ø¹Ø¨Ù‚Ø±ÙŠ, ÙÙ„ÙˆØ±Ø©, arasbulutiynemli, arasbulut, aras, yamaÃ§koÃ§ovalÄ±, yamaÃ§, Ã§ukur, cukurdizi, cukur, istanbul, turkey, new, Ø§Ø±Ø§Ø³_Ø¨ÙˆÙ„ÙˆØª_Ø§ÙŠÙ†Ù…Ù„ÙŠ, Ø§Ø±Ø§Ø³_Ø¨ÙˆÙ„ÙˆØª, Ø§Ù„Ø­ÙØ±Ø©, Ù…Ø³Ù„Ø³Ù„Ø§Øª_ØªØ±ÙƒÙŠØ©, Ù„Ø§ÙŠÙƒ, Ù„Ø§ÙŠÙƒØ§Øª, ÙƒÙˆÙ…Ù†Øª, Ù…ØªØ§Ø¨Ø¹Ø©, Ù…ØªØ§Ø¨Ø¹ÙŠÙ†, ØªÙØ§Ø¹Ù„, Ø§ÙƒØ³Ø¨Ù„ÙˆØ±, Ø§ÙƒØ³Ø¨Ù„ÙˆØ±_ÙÙˆÙ„Ùˆ, explore, explorepage"
3472405654135398475_65832569412,post    post #ğŸ¥°ğŸ¥€ğŸ–¤ğŸ–‡ï¸________________ğŸ¥ºğŸ¥°,2024-10-05 17:17:13,0,0,new,"new, trending, viral, my"
3472405174179719371_5547820955,"DÃ­a de Pixart, un dia lleno de magia he inolvidable âœ¨

Pd: Parte 3

      ğŸŒ¸",2024-10-05 17:16:16,0,0,new,"munopixart, new, felicidadal100, comoniÃ±os, diversion, felicidad, sumamomentos"
3472404958809338065_29538835814,âœ¨âœ¨,2024-10-05 17:15:51,0,0,new,"new, collection, 2025"
3472404682293487059_64732822949,"The Tesla Cybertruck is an all-elelctric,se Battery-powered light-duty truck unveiled by Tesla, Inc,

Here's a comprehensive overview of its key features and specification:

Tesla Cybertruck Overview

Design in Structure

â€¢ Exterior: The cybershrak has a distinctive,
angular stainless steel exoskeleton design for durability and passenger protection. It featured ultra-hard 30X colled-rolled stainless steel and armoured glass.

â€¢ Dimensions: approximately 231.7 inches long, 79.8 inches wide. and 75 inches tall, with 6.5-foot cargo bed.

Performance and Variants

â€¢ Single Motor RWD:
â€¢ 0-60 mph: ~6.5 seconds
â€¢ Range: ~250 miles
â€¢ Towing Capacity: 7,500 pounds
â€¢ Dual Motor AWD:
â€¢ 0-60 mph: ~4.5 seconds
â€¢ Range: ~300 milesal â€¢ Towing Capacity: 10,000 pounds
â€¢ Tri-Motor AWD:
â€¢ 0-60 mph: ~2.9 seconds
â€¢ Range: ~500 miles
â€¢ Towing Capacity: 14,000 pounds
.
.",2024-10-05 17:15:17,2,0,new,"new, viral, caption, instagramreels, Instagram, explorepage"
3472405058425172437_45530758333,"Letâ€™s get this party started. ğŸ°ğŸ‰
ğŸ’–made by divine.dolce napoliâ¤ï¸
ğŸ’–100% hand made ğŸ’–
ğŸ’–place uour order now
ğŸ’–mad  with love
ğŸ’–DM for more details",2024-10-05 17:16:02,0,0,new,"new, oerder, buttercake, homadecake, buttercreamcakes, homebakery, cakeshop, sweethome, thanksforchoosingus, likesforlike, followforfollowback"
3472404988420974165_49227218517,"Product photography for Lusso designs India
Shot and edited by @savio_simon_films & @__vedant.a__ 
Brand: Lusso Designs India 
Work: Car modification | interior | exterior 

                              
@hyundai @hyundaiindia @hyundai.spotlight",2024-10-05 17:15:55,0,0,new,"car, cars, cargram, carporn, carinstagram, insta, instagood, insta, instalike, instadaily, instafashion, cinema, photo, photooftheday, photography, photogram, photograph, carinterior, carmod, carmodel, carmodified, carmodification, new, newpost, india, mumbaiachieversawards2024priyankachaharchoudhary, mumbai, cinematography, cinemagraph, cinematographer"
3472404941964940887_58597271629,".
.
.
.
.",2024-10-05 17:15:49,1,0,new,"new, newpost, malluoman"
3472404469239548373_64732822949,"The Tesla Cybertruck is an all-elelctric,se Battery-powered light-duty truck unveiled by Tesla, Inc,

Here's a comprehensive overview of its key features and specification:

Tesla Cybertruck Overview

Design in Structure

â€¢ Exterior: The cybershrak has a distinctive,
angular stainless steel exoskeleton design for durability and passenger protection. It featured ultra-hard 30X colled-rolled stainless steel and armoured glass.

â€¢ Dimensions: approximately 231.7 inches long, 79.8 inches wide. and 75 inches tall, with 6.5-foot cargo bed.

Performance and Variants

â€¢ Single Motor RWD:
â€¢ 0-60 mph: ~6.5 seconds
â€¢ Range: ~250 miles
â€¢ Towing Capacity: 7,500 pounds
â€¢ Dual Motor AWD:
â€¢ 0-60 mph: ~4.5 seconds
â€¢ Range: ~300 milesal â€¢ Towing Capacity: 10,000 pounds
â€¢ Tri-Motor AWD:
â€¢ 0-60 mph: ~2.9 seconds
â€¢ Range: ~500 miles
â€¢ Towing Capacity: 14,000 pounds
.
.",2024-10-05 17:14:53,6,0,new,"new, viral, caption, instagramreels, Instagram, explorepage"
3457044789127195994_6372738832,Ğ—ĞµĞ»ĞµĞ½Ğ¾Ğ³Ñ€Ğ°Ğ´ÑĞº Ğ³Ğ¾Ñ€Ğ¾Ğ´ ĞºĞ¾Ñ‚Ğ¾Ğ²â˜ºï¸       ğŸ˜ â¤,2024-10-05 17:15:14,7,0,new,"happytime, zelenogradsk, together, travelphotography, kitty, beautiful, beautifuldestinations, newpost, newpost, newpost, newpost, recommended, new, my"
3472405794284047212_53919240583,ğŸ˜¡ğŸ‘¿...,2024-10-05 17:17:30,0,0,new,"new, post"
3472405732668333171_44059654356,"Premium dress available as seen.

Size: 10-12
Price: N18,000
Perfect material and style!
Send a dm to place your orders.
Delivery is Nationwide.",2024-10-05 17:17:23,0,0,new,"clothes, clothingbrand, jeans, jean, clothing, sales, cloth, new, collection"
3472405874108919685_49138818080,"ğŸ€
.
.
.",2024-10-05 17:17:39,0,0,viral,"barbie, barbiedecor, viral, viralpost, explorar, explorepage, rosa, balÃµes, barbiegirl"
3472406067340603530_48070573,"ğŸ“šâœ¨ Tenho o prazer de anunciar o lanÃ§amento do livro â€œPerspectivas Legais: autismo e a busca por justiÃ§aâ€, da Editora @literarebooks no qual participo como coautora com a coordenaÃ§Ã£o da querida @luizamlucena ğŸ¥°.

No dia 15/10/24, estaremos na Casa Portugal, em SÃ£o Paulo/SP, das 9h Ã s 21h30, para apresentar essa obra super completa que aborda de forma multidisciplinar os principais temas relacionados ao direito Ã  saÃºde no contexto do autismo.

Este livro Ã© fruto de um trabalho dedicado e apaixonado, e Ã© uma grande honra fazer parte de uma iniciativa tÃ£o relevante. 

Para garantir seu exemplar, a obra jÃ¡ estÃ¡ em prÃ©-venda! NÃ£o perca a chance de garantir o seu no link abaixoğŸ‘‡(que estarÃ¡ nos meus stories e no destaque):

https://bit.ly/3zhkL59

Vamos juntos fazer a diferenÃ§a! Clique no link para saber mais e garantir o seu!",2024-10-05 17:18:02,0,0,viral,"Autismo, DireitoÃ SaÃºde, LanÃ§amentoLiterÃ¡rio, JustiÃ§a, CasaPortugal, tea, fy, foryou, viral, post"
3472405934650571671_60107895304,"CARI KAMI DENGAN DI GOOGLE  KEYWOARD API88

ğŸ”¥DAFTAR GACOR ğŸ”¥ > https://heylink.me/caricuan8/",2024-10-05 17:17:47,0,0,viral,"api88, api88gacor, slotapi88, gacorapi88, jackpotapi88, serverthailand, rtp, depositpulsatanpapotongan, antirungkad, gacorparah, slotgacorhariini, rekomendasi, viral, slotgacorhariini, fyp, trending"
3472406011922050711_67031179022,"ğŸ‡¬ğŸ‡§ ğŸï¸ Get ready, MotoGP fans! The 2024 season is about to kick off, and this year is shaping up to be exceptional! ğŸ‰ More races, a new track, and  tires are set to take the to a whole new level. ğŸš€ With even more grip and consistency, weâ€™re gearing up for some truly exciting and thrilling action on the track. Let the action beexcitementgin. ğŸ

ğŸ‡«ğŸ‡· ğŸï¸ Fans de MotoGP, prÃ©parez-vous ! La saison 2024 est sur le point de dÃ©marrer, et cette annÃ©e sâ€™annonce exceptionnelle ! ğŸ‰ Plus de courses, un nouveau circuit et des pneus  prÃªts Ã  faire monter lâ€™excitation dâ€™un cran. ğŸš€ Avec encore plus dâ€™adhÃ©rence et de constanc",2024-10-05 17:17:57,0,0,viral,"viral, trending, reels, MICHELINPower, MICHELINPower"
3472405915717547416_4909370042,"Be grateful.âœ¨
.
.
.
.
         #âœ¨",2024-10-05 17:17:44,0,0,viral,"instagram, instalike, instadaily, viral, outfit, picoftheday, explore, explorepage, likes"
3472406059026779429_5952145475,ğŸ¥‡ğŸ‡¦ğŸ‡±,2024-10-05 17:18:02,0,0,viral,"dzpower, viral, sig, collage, photo, italia"
3472405962675773607_55639286696,"PerfeiÃ§Ã£o existe e eu posso provar! ğŸ‘†ğŸ»â¤ï¸âœ¨
.
.
.
.
.",2024-10-05 17:17:50,0,0,viral,"cilios, extensaodecilios, megavolumelashes, lashextensions, viral, explore, fyp, beleza, volumebrasileiro, lashes, foryou"
3472405889912381735_6940076725,"Bookings and orders 
Please contact 9611395627
DM @hajira_mehendi_artist_28 
.
Please do like comment n support ğŸ™ğŸ»
.
 ğŸ“¥

 
     
      
   
             
.
@wedmegood @weddingsutra @weddingwireindia @shoutout_for_mehndiart @trendy_bangalore_shoutout bangaloreshoutoutgallery @wedmegoodsouth @shoutout_for_mehndi_artist",2024-10-05 17:17:42,0,0,viral,"love, dmfororders, hajiramehendiartist28, hennaartist, mehndiartist, mehendidesign, mehndiart, mehndi, mehndi_inspire, hennaartist, hennalove, hennadesigns, henna, hennastain, hennatattoo, bangaloremehndiartist, bangalore, bangalorewedding, reelkarofeelkaro, reels, reelsindia, reelitfeelit, reelsinstagram, instadaily, viral, instagood, love, support, india, trending, explore"
3472405887871205045_67031179022,"ğŸ‡¬ğŸ‡§ ğŸï¸ Get ready, MotoGP fans! The 2024 season is about to kick off, and this year is shaping up to be exceptional! ğŸ‰ More races, a new track, and  tires are set to take the to a whole new level. ğŸš€ With even more grip and consistency, weâ€™re gearing up for some truly exciting and thrilling action on the track. Let the action beexcitementgin. ğŸ

ğŸ‡«ğŸ‡· ğŸï¸ Fans de MotoGP, prÃ©parez-vous ! La saison 2024 est sur le point de dÃ©marrer, et cette annÃ©e sâ€™annonce exceptionnelle ! ğŸ‰ Plus de courses, un nouveau circuit et des pneus  prÃªts Ã  faire monter lâ€™excitation dâ€™un cran. ğŸš€ Avec encore plus dâ€™adhÃ©rence et de constanc",2024-10-05 17:17:43,0,0,viral,"viral, trending, reels, MICHELINPower, MICHELINPower"
3472406030227843385_51821086915,"ğŸ’š

Follow @youngboy.again for more 

                             ğŸ",2024-10-05 17:17:58,0,0,viral,"nbayoungboy, 4kt, slime, jaydayoungan, lilbaby, liluzivert, explore, trending, youngboy, nba, yb, youngthug, dabady, viral, ibeenthat, slatt, 38baby2, unrealeased, kentrell, neverbrokeagain, kentrellgaulden, youngboyneverbrokeagain, neverbrokeagainyoungboy, kentrellgaulden, nbayoungboyquotes, nbayoungboyedits, 38baby, quandorondo, freeddawg, slatt, kodakblack"
3472406002840244284_50349749968,"Frutas para comer a vontade !! ğŸ˜
.
.
.
.

CrÃ©dito a  @nutriytana",2024-10-05 17:17:56,0,0,viral,"emagrecimento, viral, explorar, fit, alimentacaosaudavel"
3472406071560970172_66823270777,"à¤¨à¤µà¤°à¤¾à¤¤à¥à¤°à¥€ à¥¨à¥¦à¥¨à¥ª
Goddess Shailputri

Significance - Symbolizes happiness, brightness, and energyğŸ’›",2024-10-05 17:18:03,0,0,viral,"day1, yellow, treding, viral, sareelover, saree, garba, raasrang, 2024, 2024trends, dance, colours, navratrispecial, navratri"
3472405971860520384_54536372984,"ğŸ…ğ™ˆğ™‘ğ™‹ ğ˜¿ğ™€ğ™‡ ğ™‹ğ˜¼ğ™ğ™ğ™„ğ˜¿ğ™Š - ğ™ğ™€ğ˜¿ğ™€ ğ™‘ğ˜¼ğ™‡ğ™‘ğ™€ğ™ğ˜¿ğ™€ğŸ‡ºğŸ‡¾

ğŸ·ï¸",2024-10-05 17:17:51,1,0,viral,"realmadrid, madridistasig, noticias, madridismo, madridista, season, gol, laligaeasports, parati, madrid, instagram, ig, golazo, famoso, cuenta, ucl, vamos, halamadrid, madridistas, rmadridkings, reyesdeeuropa, santiagobernabeu, lfp, jugadores, kingsofeurope, laliga, madrid, viral, futbol, football, matchday"
3472405912730855106_52953725941,"Passeio com a VovÃ³ !! ğŸ¶ğŸ§¡
.
.
.",2024-10-05 17:17:45,0,0,viral,"instagram, instagood, picture, amazing, animal, passeio, asthetic, dump, fyp, hahaha, lol, cool, viral, naturephotography, moahchowchow"
3472405878302669013_8651062276,.,2024-10-05 17:17:40,0,0,viral,"explorepage, fyp, artist, art, abstractart, artistsoninstagram, penart, viral"
3472405983866425185_69860680349,"ğŸŒ± Wow Twine Cute Cat'sğŸ±
.
.
.
          

ãã‚“",2024-10-05 17:17:53,0,0,viral,"petlovers, cat, funny, motorcycle, trending, catdance, cat, çŒ«, ãƒã‚³, ã­ã“ã®ã„ã‚‹ç”Ÿæ´», ã‚€ãƒ¼, cat, kitty, scottishfold, mycat, instacat, meow, ê³ ì–‘ì´, animals, cat, cute, trend, trending, viral, instacat, catlife, catlover"
3472405992837249250_7766911182,ğŸ¦¢ğŸŒ»ğŸ¤,2024-10-05 17:17:54,0,0,viral,"outfit, white, girlinwhite, openhair, nazakat, zaalima, explore, trending, viral, fyp"
3472405965042098277_29679471434,"â˜€ï¸TODO ORIGINALâ˜€ï¸
ğŸ“±+56 995755793 ğŸ›ï¸
FB: Tza Tzi Dâ€™Luise
INSTA: dluise_tzatzi 
MÃ¡s modelos en el perfil 
ğŸš˜SE LLEVA A DOMICILIO. 
ğŸ’³Se aceptan transferencias. 
PRENDAS ÃšNICAS ğŸ¤©
â˜‘ï¸Cada imagen con talla & marca
ğŸ”ROPA AMERICANA NUEVA & SEMI NUEVAğŸ”
ğŸš«No DevolucionesğŸš«
âŒNo CambiosâŒ

https://instagram.com/dluise_tzatzi?igshid=YmMyMTA2M2Y=                           ã‚šviralã‚·2024",2024-10-05 17:17:51,0,0,viral,"ropadeportiva, Calama, calamaropa, viral, ropahombrechile, ropaamericana, calamacity, calamachile, viralreels, chile, chileamericana, ropamujer, americanaropa, ropadeportivadama, ropadeportivacalama, ropadeportivachile, viralvideo, virals, ropainvierno, ropaveranochile, tendencias2024, tendencias, tendenciasmoda, TendenciaEnRedes, tendenciasdemoda, fypã‚·, chileropa"
3472387656810407911_1454683351,Casa de Piatra Lora si Ionut ğŸ‚ğŸ’ğŸ¤—ğŸ¥‚,2024-10-05 17:17:58,28,1,viral,"lora, nunta, foryou, viralvideos, viral, tiktok, eveniment, party, vioricadelaclejani, casadepiedra"
3472406073376753518_2982719459,"Mei de favela ğŸ¤ª
.
.
.
.
.
.
.
.
.
.
.
.
         ğŸ‡§ğŸ‡·ğŸš€ğŸ’­",2024-10-05 17:18:04,0,0,viral,"vw, volkswagen, sonhos, saveiro, cross, rebaixados, conquista, metas, fyp, saveiroscrossbr, instagood, instadaily, like, viral, publi"
3472405871918916208_53585885029,"AYT Derece iÃ§in Kaynaklar.

@budersmatematik",2024-10-05 17:17:39,0,0,viral,"matematik, geometri, LGS, TYT, AYT, YKS, yks2025, lgs, lgsmatematik, lgs2025, tyt, tytmatematik, tyt2025, ayt, aytmatematik, ayt2025, ortaokul, lise, Ã¶zelders, onlineÃ¶zelders, baÅŸakÅŸehir, baÅŸakÅŸehirÃ¶zelders, istanbulÃ¶zelders, reelsinstagram, reelsinsta, reels, kesfet, kesfetteyiz, keÅŸfetteyiz, viral"
3472405876473614322_68132115018,Ø´Ù…ÙˆØ¹ Ù…Ø¹Ø·Ø±Ø© ğŸ•¯ï¸Ù…Ø²ÙŠØ¬ Ù…Ù† Ø±Ø§Ø¦Ø­Ø© Ø²Ù‡Ø±Ø© Ø§Ù„Ù‚Ø·Ù† ÙˆØ§Ù„ÙŠØ§Ø³Ù…ÙŠÙ† Ù„ÙŠÙˆÙ… Ø§Ù„Ù…Ø¹Ù„Ù… Ù¥ Ø£ÙƒØªÙˆØ¨Ø± ğŸ“šâœï¸,2024-10-05 17:17:40,0,0,viral,"ÙŠÙˆÙ…_Ø§Ù„Ù…Ø¹Ù„Ù…_Ø§Ù„Ø¹Ø§Ù„Ù…ÙŠ, ÙŠÙˆÙ…_Ø§Ù„Ù…Ø¹Ù„Ù…_5_Ø£ÙƒØªÙˆØ¨Ø±, Ø§ÙƒØ³Ø¨Ù„ÙˆØ±, Ø­Ø±ÙƒØ©_Ø§Ù„Ø§ÙƒØ³Ø¨Ù„ÙˆØ±, Ø§Ù†Ø³ØªÙ‚Ø±Ø§Ù…, ØªÙˆØ²ÙŠØ¹Ø§Øª, Ø´Ù…ÙˆØ¹, fyp, viral, explore, candles, ØªÙˆØ²ÙŠØ¹Ø§Øª_Ø²ÙˆØ§Ø¬, ØªÙˆØ²ÙŠØ¹Ø§Øª_Ø²ÙˆØ§Ø¬, ØªÙˆØ²ÙŠØ¹Ø§Øª_Ù…ÙˆØ§Ù„ÙŠØ¯, ØªÙˆØ²ÙŠØ¹Ø§Øª_Ù…Ù†Ø§Ø³Ø¨Ø§Øª"
3472406053483383797_41167619390,"POLOS - BURBERRY âœ¨

Tallas - S - M - L â€¼ï¸ 

EnvÃ­os a todo el PerÃº ğŸ‡µğŸ‡ª Shalom
Pagoscontraentrega âœ¨â™»ï¸ğŸšš",2024-10-05 17:18:01,0,0,viral,"poloshombres, by, luxurylife, luxury, hombres, mensfashion, viral, peru"
3472405950084035958_60783102161,"-â€œYou return like autumn, and I fall every timeâ€ğŸ‚
.
.
.
Wearing: @zellbury 
.
.
.
.
.
.
.
.
.
.",2024-10-05 17:17:49,0,0,viral,"rainynight, ï½ï½…ï½“ï½”ï½ˆï½…ï½”ï½‰ï½ƒ, trending, viral, reels"
3472405982406709753_65914411110,My dog Capone made the paw print calendar of 2025 ğŸ«¶ğŸ¥¹,2024-10-05 17:17:52,0,0,viral,"model, dogs, calenders, viral, viraldogs"
3472405961913179258_69380148592,"Jump da Semana...
.
.
.
.
.

â€œFelicidade em Cada Mordida"" â¤ï¸

JÃ¡ provou uma de nossas delÃ­cias? Diz aÃ­ o que achou? Goiaba ou doce de leite? Ou os dois??ğŸ¤¤ğŸ¤¤ğŸ¤¤ğŸ¤¤ğŸ¤¤",2024-10-05 17:17:51,0,0,viral,"boloderolopernambucano, boloderolo, pernambuco, loves, doces, doceriagourmet, viral, goiabada, docedeleite, bolo"
3471890325932297468_69874820220,"""Hello World! I'm Urr @digitalmarketing_bilal 
""Welcome To My Page !",2024-10-05 17:17:37,2,0,viral,"introduction, helloworld, newbeginnings, instagood, meetme, selfintroduction, gettoknowme, intro, hello, instagram, welcometomypage, aboutme, followï½e, instafamily, millionairetrack, viral"
3472408169986852224_68819140891,"Special Collection ğŸª½
.
.
.
.
.
.
.
.",2024-10-05 17:22:13,0,0,trend,"dÃ¼ÄŸÃ¼n, cizreorganizasyon, gelin, damat, cizredÃ¼ÄŸÃ¼nleri, organizasyon, gelinsaÃ§Ä±, doÄŸumgÃ¼nÃ¼, gelinhamamÄ±, bekarlÄ±ÄŸaveda, wedding, henna, hakkaridÃ¼ÄŸÃ¼nleri, ÅŸÄ±rnakdÃ¼ÄŸÃ¼nleri, vandÃ¼ÄŸÃ¼nleri, keÅŸfet, keÅŸfetteyiz, bridetobe, bride, groom, bridesmaid, ertoÅŸi, hakkaridÃ¼ÄŸÃ¼nleri, cizre, kÃ¼rtdÃ¼ÄŸÃ¼nÃ¼, kiralÄ±kabiye, cizreabiye, abiyemaÄŸazasÄ±, trend"
3472409261000205186_53849979,,2024-10-05 17:24:23,0,0,trend,"opaackeveningwear, opaack, gala, galajurk, dress, gown, glitter, party, bling, glamour, fyp, viral, sparkle, couture, couturedress, bruiloft, bruiloftinspiratie, trend, trending, trendingreels, lookoftheday, bruiloft, bruidsmeisjes, weddinginspuratie, tule, glitter, sparkle, wedding, gelegenheidskleding, avondmode, galamode"
3472408763873528854_183793426,"Add caption here â€¦ 

-

-

-

-",2024-10-05 17:23:25,1,0,trend,"honda, hondacivic, hondaciviccoupe, civiccoupe, civic, ek, ekcivic, ejcivic, ej8, retro, jap, jdm, vtec, vtecnation, hondalife, hondanation, civic, civicej8, coupe, hatchback, carsoftiktok, ukcarscene, jdmcars, japcars, trend, cars, intsa, instalike, likesforlike, jdmculture, hashtag"
3472408465390459817_48772104713,"ğŸ“MARKA BERE MODELLERÄ° 
ğŸ“TOPTAN SATIÅIMIZ MEVCUTTUR",2024-10-05 17:22:50,0,0,trend,"giyim, moda, istanbul, fashion, tarz, butik, erkekgiyim, kombin, ayakkabÄ±, bayangiyimmodelleri, indirim, yenisezon, toptan, style, stil, alisveris, tshirt, pantolon, trend, moda, kÄ±yafet, newcollection, gomlek, turkey, mont, butikgiyim, like4likes, bayan, erkek"
3472408793412050476_65241570585,"Available Now ğŸ’¥
.
Fan's Edition ğŸ”
S , M , L , Xl
.
Order Now ğŸ”»
titosportswear.com
.
Online Store ğŸ‘¨ğŸ»â€ğŸ’»
Shipping cost is paid in advance ğŸšš
No Refund ğŸš«
Replacement within 3 days ğŸ”
.",2024-10-05 17:23:27,0,0,trend,"championsleague, football, footballshirts, soccerjersey, footballfashion, ronaldo, messi, realmadrid, barcelona, psg, intermilan, acmilan, juventus, arsenal, chelsea, manutd, mancity, liverpool, fcbayern, premierleague, worldcup, explore, trend, mention"
3472408128109750318_48772104713,"ğŸ“MARKA MONT MODELLERÄ° 
ğŸ“TOPTAN SATIÅIMIZ MEVCUTTUR",2024-10-05 17:22:10,0,0,trend,"giyim, moda, istanbul, fashion, tarz, butik, erkekgiyim, kombin, ayakkabÄ±, bayangiyimmodelleri, indirim, yenisezon, toptan, style, stil, alisveris, tshirt, pantolon, trend, moda, kÄ±yafet, newcollection, gomlek, turkey, mont, butikgiyim, like4likes, bayan, erkek"
3472385842256580398_67063225213,"BATTLE of á´€Ê€É¢Êá´¢á´ âš”ï¸ğŸŒ€

@psy_dis_mangandi
@__n_e_m_o__b_o_y__
@matrixpakman",2024-10-05 17:25:15,31,3,trend,"rapper, rapsong, hiphopemusic, hiphope, singer, rap, southside, instapic, photography, kerala, india, artist, argyzm, ownvoice, rapping, trend, trending"
3472409545660920880_60246261912,"Pantalon Carhartt Double Knee

* Talle : 32usa / 42arg 
* Nuevamente traemos un double knee trash, estado a la vista, de uno de los modelos mas buscados de la marca, doble rodilla, carpintero, fit baggy, joya por donde lo mires.
* Precio : $55.000
* Costo de envio : Se cotiza en el momento de la compra.

DISPONIBLE â‡ï¸

-",2024-10-05 17:24:58,0,0,trend,"fija, vintage, club, fijavintageclub, ropavintage, ropa, remeras, poleras, tshirts, modavintage, street, streetwear, streetstyle, carharrt, carharttwip, jnco, outfits, outdoors, hype, dickies, trend, skate, skatelife, pantalones, invierno, skateboarding, trveshirts, reciclaropa, neuquen, argentina"
3472408530848969138_8510495233,PULSERAS CORAZONES NENE/NENA EN ACERO QUIRÃšRGICO!ğŸ˜ğŸ¥°ğŸ,2024-10-05 17:22:57,0,0,trend,"moda, aceroquirurgico, Campana, instagram, instagood, ciudaddecampana, campanabsas, style, tendencia, instafashion, outfit, onlineshopping, love, gift, trending, luxury, fashionable, fashionlover, trend, trendingreels, new, mom, momlife, mother, mama, mamÃ¡, family, hijos, pulseras, bracelet"
3472409260891423292_58434729411,"Wimpersâœ¨Eyelash lifting 
ğŸ“á´€É´á´›á´¡á´‡Ê€á´˜á´‡É´ 2000, Ê™Ê€Éªá´›êœ±á´‡ÊŸá´‡Éª 51",2024-10-05 17:24:23,0,0,trend,"wimpersalon, wimpers, wimperstyliste, wimperlifting, brown, antwerpen, leam, salon, bookstagram, book, beautiful, eye, instagram, trend, moda, appointments, post"
3472409435358320322_23572916098,"Diez aÃ±osâ¤ï¸ğŸ¤©

-

-

-

_

_",2024-10-05 17:24:44,2,0,trend,"youcannoteatmoney, auroramusic, queendom, reels, love, runaway, instareels, trend, art, instagood, photography, photooftheday"
3472408807941499461_54449490,I donâ€™t need a ticket to your shit show,2024-10-05 17:24:45,1,0,trend,"me, myself, Highroad, selfcare, self, carselfie, allblackeverything, blackhair, trend, trending, momsofinstagram"
3472409187978883526_52134947490,EscÃ¡pate!,2024-10-05 17:24:14,0,0,trend,"weekend, vibes, brown, dress, model, fashion, trending, trend, artist, insta, fyp"
3472409544477199048_868082879,"A essÃªncia que vocÃª carrega, te apresenta antes de qualquer palavra! âœ¨âœï¸
.
.
.
.
.
.
.
.
.
.",2024-10-05 17:24:57,3,0,trend,"blessed, bless, nature, naturephotography, parque, natureza, love, live, god, life, neymar, neymarjr, cr7, cristianoronaldo, messi, leomessi, libertadores, galo, health, mood, simple, roÃ§a, music, bodybuilder, bodybuilding, trend, viral"
3472409565101380050_43527949797,"Ø§Ù†ØªÙ‡Øª Ø±Ø­Ù„ØªÙ†Ø§ ÙÙŠ Ø§Ù„Ù…ÙˆØµÙ„ .
Ø´ÙƒØ±Ø§Ù‹ Ù„Ù…Ù† Ø±Ø§ÙÙ‚Ù†Ø§ ÙˆØ³Ø§Ù‡Ù… ÙÙŠ Ø³Ø¹Ø§Ø¯ØªÙ†Ø§ 
Ø´ÙƒØ±Ø§Ù‹ Ù„Ù…Ù† Ø²Ø§Ø±Ù†Ø§ ÙˆÙ…Ù† Ø¯Ø¹Ù…Ù†Ø§ 
Ù…Ø­Ø¨ØªÙ†Ø§ Ù„Ø§ ØªÙ†ØªÙ‡ÙŠ 
Ø´ÙƒØ±Ø§Ù‹ Ù„Ù€ Ù†Ø¬ÙˆÙ… Ù‡Ø°Ø§ Ø§Ù„ÙƒØ±Ù†ÙØ§Ù„ 
"" Ø³Ù†Ø¯Ø¨Ø§Ø¯ Ø§Ù„ÙƒØªØ¨ "" 
ÙˆÙ…Ù† Ø§Ù„Ø¨ØµØ±Ø© Ø§Ù„ÙÙŠØ­Ø§Ø¡
"" Ø¯Ø§Ø± Ø§Ù„Ø¯Ø±Ø§ÙˆÙŠØ´ "" 
Ø´ÙƒØ±Ø§Ù‹ Ø¨Ø­Ø¬Ù… Ø§Ù„Ø³Ù…Ø§Ø¡
Ø¹Ù„Ù‰ Ø¯Ø¹Ù…ÙƒÙ… Ø§Ù„Ù…Ø³ØªÙ…Ø±.

Ø¹Ù„Ù‰ Ø§Ù…Ù„ Ø§Ù† Ù†Ù„ØªÙ‚ÙŠÙƒÙ… ÙÙŠ Ù…Ù‡Ø±Ø¬Ø§Ù†Ø§Øª Ø§ÙƒØ¨Ø±.ğŸ¤.
.
.
.
.
.
.
.
â€         ğŸ–¤ï¸     ÙØªØ¨     Ø§
â€   ğŸŒ· ğŸƒğŸƒ    
â€",2024-10-05 17:25:01,2,0,trend,"Ø±ÙˆØ§ÙŠØ©, Ø±ÙˆØ¢ÙŠØ©, Ø±ÙˆØ§ÙŠØ©_Ø­Ø¨, Ø±ÙˆØ§ÙŠØ©_Ø¬Ø±ÙŠØ¦Ø©, Ø±ÙˆØ§ÙŠØ§Øª, Ø±ÙˆØ§ÙŠØ§ØªÙŠ, Ø±ÙˆØ§ÙŠØ§Øª_Ø¹Ø±Ø¨ÙŠØ©, ÙˆØ§ØªØ¨Ø§Ø¯, ÙˆØ§ØªØ¨Ø§Ø¯_Ø±ÙˆØ§ÙŠØ§Øª, ÙˆØ§ØªØ¨Ø§Ø¯ÙŠÙˆÙ†, Ø§Ù„Ø¹Ø±Ø§Ù‚, Ø¨ØºØ¯Ø§Ø¯, Ø§Ù„Ø¨ØµØ±Ø©, ÙƒØªØ¨, Ùƒ, ÙƒØªØ¨ÙŠ, Ø§Ù„Ù…ØªÙ†Ø¨ÙŠ, Ù…Ø¹Ø±Ø¶_Ø§Ù„ÙƒØªØ§Ø¨, Ù…Ø¹Ø±Ø¶_Ø¨ØºØ¯Ø§Ø¯_Ø§Ù„Ø¯ÙˆÙ„ÙŠ_Ù„Ù„ÙƒØªØ§Ø¨, ÙƒØªØ§Ø¨Ø©, ÙƒØªØ§Ø¨Ø§ØªÙŠ_Ø§Ù„Ø®Ø§ØµØ©, ÙƒØªØ§Ø¨Ø§ØªÙŠ, ØªÙØ§Ø¹Ù„ÙƒÙ…_Ø³Ø±_Ù†Ø¬Ø§Ø­Ù†Ø§, ØªÙØ§Ø¹Ù„ÙƒÙ…_ÙŠØ³Ø§Ø¹Ø¯Ù†Ø§_Ø¹Ù„Ù‰_Ø§Ù„Ø§Ø³ØªÙ…Ø±Ø§Ø±, fyp, fypã‚·, writer, ØªØ±ÙŠÙ†Ø¯, trend, trending"
3472409674231518809_53849979,,2024-10-05 17:25:12,0,0,trend,"opaackeveningwear, opaack, gala, galajurk, dress, gown, glitter, party, bling, glamour, fyp, viral, sparkle, couture, couturedress, bruiloft, bruiloftinspiratie, trend, trending, trendingreels, lookoftheday, bruiloft, bruidsmeisjes, weddinginspuratie, tule, glitter, sparkle, wedding, gelegenheidskleding, avondmode, galamode"
3472408478980801758_67072590631,"Finding beauty in the simple things.""                              @instagram @creators",2024-10-05 17:22:51,0,0,trend,"trending, viral, instagram, explorepage, explore, instagood, love, fashion, reels, follow, trend, like, photography, india, fyp, instadaily, tiktok, followforfollowback, likeforlikes, foryou, trendingreels, trendingnow, style, memes, photooftheday, music, reelsinstagram, viralpost, model, insta"
3472409172233453666_60246261912,"Pantalon Carhartt carpenter

* Talle : 34usa / 44arg 
* Buenas condiciones para uno de los modelos mas comodos de carhartt, carpintero  Dungaree Fit, ancho comodo, tela liviana.
* Precio : $48.000
* Costo de envio : Se cotiza en el momento de la compra.

DISPONIBLE â‡ï¸

-",2024-10-05 17:24:13,0,0,trend,"fija, vintage, club, fijavintageclub, ropavintage, ropa, remeras, poleras, tshirts, modavintage, street, streetwear, streetstyle, carharrt, carharttwip, jnco, outfits, outdoors, hype, dickies, trend, skate, skatelife, pantalones, invierno, skateboarding, trveshirts, reciclaropa, neuquen, argentina"
3472408656938023651_2144802005,"PerfeiÃ§Ã£oâœ¨âœ¨âœ¨
Vestido linho botÃµes amarraÃ§Ã£o.

ğŸ“²Compre agora pelo whatsapp 11 93030-5596
ğŸ“Rua Benjamim Constant, 1040, Centro, Suzano SP",2024-10-05 17:23:11,1,0,trend,"trend, trendstore, farmrio, adorofarm"
3472408763061442409_433642349,"Ù…Ø®ØªØµÙŠÙ† Ø¨ Ø§Ø­Ø¯Ø« Ø§Ù„ÙØ³Ø§ØªÙŠÙ† ğŸ’¥ Ù„Ù„Ø·Ù„Ø¨ ÙˆØ§Ù„Ø§Ø³ØªÙØ³Ø§Ø±Ø§Øª Ø­ÙŠØ§ÙƒÙ… ÙˆØ§ØªØ³Ø§Ø¨ Ù†ÙˆØµÙ„ Ø¬Ù…ÙŠØ¹ Ù…Ù†Ø§Ø·Ù‚ Ø§Ù„Ù…Ù…Ù„ÙƒØ© ğŸ‘‡ 
 Â  ÙˆØ§ØªØ³Ø§Ø¨ Â  0530988609

 Ø§Ù„Ø±Ø§Ø¨Ø· Ø§Ù„Ø³Ø±ÙŠØ¹Ù‡ Ø¨Ø§Ù„ØµÙØ­Ù‡

Ù…Ù‚Ø§Ø³Ø§Øª Ø¨Ø§Ù„Ø±Ù‚Ù… 1_2_3_4_5

Ø§Ù„Ù…Ù‚Ø§Ø³Ø§Øª Ø¨Ø§Ù„Ø­Ø±Ù S_M_L_XL_XXL
.
.
. 

   #",2024-10-05 17:23:26,0,0,trend,"ÙØ³Ø§ØªÙŠÙ†, ÙØ³Ø§ØªÙŠÙ†_Ø³Ù‡Ø±Ù‡, ÙØ³Ø§ØªÙŠÙ†_Ø³Ù‡Ø±Ø©, ÙØ³Ø§ØªÙŠÙ†_Ù†Ø§Ø¹Ù…Ù‡, ÙØ³Ø§ØªÙŠÙ†_Ø²ÙˆØ§Ø¬, ÙØ³Ø§ØªÙŠÙ†_Ù…Ù†Ø§Ø³Ø¨Ø§Øª, Ø¬Ø¯Ù‡_Ø§Ù„Ø§Ù†, ÙØ³Ø§ØªÙŠÙ†_ÙØ®Ù…Ù‡, Ø­ÙØ±Ø§Ù„Ø¨Ø§Ø·Ù†, ÙØ³Ø§ØªÙŠÙ†_Ø§Ù„Ù…Ø´Ø§Ù‡ÙŠØ±, ÙØ³Ø§ØªÙŠÙ†_Ù„Ù„Ø¨ÙŠØ¹, ÙØ³Ø§ØªÙŠÙ†_ÙØ±Ø­, ÙØ³Ø§ØªÙŠÙ†_Ø§Ø¹Ø±Ø§Ø³, ÙØ³Ø§ØªÙŠÙ†_Ø¨Ù†Ø§Øª, ÙØ³Ø§ØªÙŠÙ†_Ø§Ù„Ø¹ÙŠØ¯, ÙØ³Ø§ØªÙŠÙ†_Ù‚ØµÙŠØ±Ø©, ÙØ³Ø§ØªÙŠÙ†_Ø³Ù‡Ø±Ø§Øª, ÙØ³Ø§ØªÙŠÙ†_Ù†Ø§Ø¹Ù…Ø©, ÙØ³Ø§ØªÙŠÙ†_Ø±Ø§Ù‚ÙŠÙ‡, ÙØ³Ø§ØªÙŠÙ†_Ø§ÙØ±Ø§Ø­, ØªØ¬Ù…Ø¹_Ø¨Ù†Ø§Øª_Ø¬Ø¯Ù‡, Ø¬Ù„Ø§Ø¨ÙŠØ§Øª_ÙØ®Ù…Ù‡, ØªØ¬Ù…Ø¹_Ø¨Ù†Ø§Øª_Ø§Ù„Ø±ÙŠØ§Ø¶, ÙØ³Ø§ØªÙŠÙ†_Ø¹Ø±ÙˆØ³, ØªØ¬Ù…Ø¹_Ø¨Ù†Ø§Øª_Ø§Ù„Ù…Ø¯ÙŠÙ†Ø©, ØªØ¬Ù…Ø¹_Ø¨Ù†Ø§Øª_Ù†Ø¬Ø±Ø§Ù†, ÙØ§Ø´Ù†, Ø³ØªØ§ÙŠÙ„, trend"
3472408435888334441_47294971901,â€¢ Boucles plaquÃ© âœ¨,2024-10-05 17:22:45,0,0,trend,"fypppppppppppppppppppppppppppppppppppppppppppppppppppppppppppppppppppppp, fyp, fypã‚·, acierinoxydable, trend, bijoux, jewelry, likes, comment, share, explore, views, abonnÃ©, brecelet, accessories"
3472408385304182761_60817440357,"ITS THE LOUISIANA X HOUSTON TAKEOVER BUT THIS PART 3ï¸âƒ£ @headquarterz_lounge ğŸ¤˜ğŸ¾âŒğŸ¥¾3ï¸âƒ£ğŸŒğŸŒğŸ”¥

CALLING ALL SURROUNDED CITIES & AREAS ESPECIALLY BATON ROUGE & H-TOWN ! 

POWERED BY @djkraeyy @omgjaycee @nola_be_wylin__mediacoverage_ 

NOVEMBER 21ST, 2024 

CALLING ALL LOUISIANA & HOUSTON ARTISTS TO THE FRONT OF THE STAGE ğŸ”¥

IF YOU MISSED THE LAST PARTY DONT MISS THIS ONE !",2024-10-05 17:22:39,0,0,trend,"batonrouge, neworleans, houston, lafeyette, htown, takeover, artists, jig, bounce, explore, trend, viral, post, explorepage, exploremore, monroe, louisiana, houstontexas, party"
3472408598083677676_60246261912,"Pantalon Wrangler 

* Talle : 34usa / 44arg 
* Excelente estado, jean rigido, sin detalles, de la linea quality de la marca, color negro intacto.
* Precio : $48.000
* Costo de envio : Se cotiza en el momento de la compra.

DISPONIBLE â‡ï¸

-",2024-10-05 17:23:04,0,0,trend,"fija, vintage, club, fijavintageclub, ropavintage, ropa, remeras, poleras, tshirts, modavintage, street, streetwear, streetstyle, carharrt, carharttwip, jnco, outfits, outdoors, hype, dickies, trend, skate, skatelife, pantalones, invierno, skateboarding, trveshirts, reciclaropa, neuquen, argentina"
3472408673036238450_67852042821,"Thank you â¤ï¸Thank you â¤ï¸please spport kijiyeğŸ™
Wait for editing â£ï¸
  
   
  
   
  
  
 
  
  

Thank you â¤ï¸Thank you â¤ï¸please spport kijiyeğŸ™ğŸ™ğŸ™",2024-10-05 17:23:13,0,0,trend,"reelsinstagram, reel, reelkarofeelkaro, editing, editinguideo, lighroomedit, lightroom, reelsindia, reelssambalpuri, viralreels, pose, poser, photographer, photography, photoshoot, reelsinstagram, keepsupporting, kiploving, trending, trend, zishanmalikphotoworks, anitiwaril8, nsbpictures, reelsindia, reelssambalpuri, reelkarofeelkaro, reelsuideoswait, trending, trend"
3472408981937073011_63031654694,"Abracadabra â˜ ï¸ 05/31 ğŸ’€âœ’ï¸ 
  

>>> @boogeyman.arts
. @boogeyman.arts <<<
.
.
.
.",2024-10-05 17:23:50,0,0,trend,"tattooctober, Inktober2024, inkspooktober, inktober, skullartwork, art, artist, artwork, artdaily, tattooart, tattoodesing, tattooartists, tattoo, drawing, arte, trend, peste, inktoberprompts, spooky, darkdrawing, drawingchallenge, synthpop, darkwave, tattooartists, tattooart, blackwork, postpunk, drawdaily, illustration"
3472408425653385330_63766721391,"ITS THE LOUISIANA X HOUSTON TAKEOVER BUT THIS PART 3ï¸âƒ£ @headquarterz_lounge ğŸ¤˜ğŸ¾âŒğŸ¥¾3ï¸âƒ£ğŸŒğŸŒğŸ”¥

CALLING ALL SURROUNDED CITIES & AREAS ESPECIALLY BATON ROUGE & H-TOWN ! 

POWERED BY @djkraeyy @omgjaycee @nola_be_wylin__mediacoverage_ 

NOVEMBER 21ST, 2024 

CALLING ALL LOUISIANA & HOUSTON ARTISTS TO THE FRONT OF THE STAGE ğŸ”¥

IF YOU MISSED THE LAST PARTY DONT MISS THIS ONE !",2024-10-05 17:22:45,0,0,trend,"batonrouge, neworleans, houston, lafeyette, htown, takeover, artists, jig, bounce, explore, trend, viral, post, explorepage, exploremore, monroe, louisiana, houstontexas, party"
3472408153662262771_53415705826,Ø§Ù„ÙÙ†Ø§Ù†Ø© Ù†ÙˆØ± Ù‚Ø¯Ø±ÙŠØŒ ØªÙ‚ÙˆÙ„ Ø¥Ù† ØµÙ†Ø§Ø¹ ÙÙŠÙ„Ù… Â«Ø¹Ù†Ø¨Â» Ø¨Ø°Ù„ÙˆØ§ Ù…Ø¬Ù‡ÙˆØ¯Ù‹Ø§ ÙƒØ¨ÙŠØ±Ù‹Ø§ Ø­ØªÙ‰ ÙŠØ®Ø±Ø¬ Ø¨Ø´ÙƒÙ„ Ø¬ÙŠØ¯ Ù„Ù„Ø¬Ù…Ù‡ÙˆØ±ØŒ Ù„Ø§ÙØªØ© Ø¥Ù„Ù‰ Ø£Ù†Ù‡Ø§.. Ù„Ù…Ø²ÙŠØ¯ Ù…Ù† Ø§Ù„ØªÙØ§ØµÙŠÙ„ Ø²ÙˆØ±ÙˆØ§ Ù…ÙˆÙ‚Ø¹Ù†Ø§: https://shorturl.at/GENAO,2024-10-05 17:22:11,0,0,trend,"Ø³Ø¨ÙˆØª, Ø³Ø¨ÙˆØª_Ù†ÙŠÙˆØ², Ù†ÙˆØ±_Ù‚Ø¯Ø±ÙŠ, Ø¹Ù†Ø¨, SpotNews, media, trend"
